-- MySQL dump 10.13  Distrib 5.7.43, for Linux (x86_64)
--
-- Host: localhost    Database: course_system
-- ------------------------------------------------------
-- Server version	5.7.43-log

/*!40101 SET @OLD_CHARACTER_SET_CLIENT=@@CHARACTER_SET_CLIENT */;
/*!40101 SET @OLD_CHARACTER_SET_RESULTS=@@CHARACTER_SET_RESULTS */;
/*!40101 SET @OLD_COLLATION_CONNECTION=@@COLLATION_CONNECTION */;
/*!40101 SET NAMES utf8 */;
/*!40103 SET @OLD_TIME_ZONE=@@TIME_ZONE */;
/*!40103 SET TIME_ZONE='+00:00' */;
/*!40014 SET @OLD_UNIQUE_CHECKS=@@UNIQUE_CHECKS, UNIQUE_CHECKS=0 */;
/*!40014 SET @OLD_FOREIGN_KEY_CHECKS=@@FOREIGN_KEY_CHECKS, FOREIGN_KEY_CHECKS=0 */;
/*!40101 SET @OLD_SQL_MODE=@@SQL_MODE, SQL_MODE='NO_AUTO_VALUE_ON_ZERO' */;
/*!40111 SET @OLD_SQL_NOTES=@@SQL_NOTES, SQL_NOTES=0 */;

--
-- Current Database: `course_system`
--

CREATE DATABASE /*!32312 IF NOT EXISTS*/ `course_system` /*!40100 DEFAULT CHARACTER SET utf8mb4 */;

USE `course_system`;

--
-- Table structure for table `course`
--

DROP TABLE IF EXISTS `course`;
/*!40101 SET @saved_cs_client     = @@character_set_client */;
/*!40101 SET character_set_client = utf8 */;
CREATE TABLE `course` (
  `course_id` int(11) NOT NULL AUTO_INCREMENT COMMENT '主键',
  `course_name` varchar(100) DEFAULT NULL COMMENT '课程名称',
  `link` varchar(255) DEFAULT NULL,
  `subject_area` int(11) DEFAULT NULL COMMENT '所属领域',
  `catalogue` varchar(10) DEFAULT NULL COMMENT '唯一编码',
  `status` int(11) NOT NULL DEFAULT '1' COMMENT '课程状态',
  `pre_requisite` varchar(255) DEFAULT '',
  `incompatible` varchar(255) DEFAULT '',
  PRIMARY KEY (`course_id`)
) ENGINE=InnoDB AUTO_INCREMENT=232 DEFAULT CHARSET=utf8;
/*!40101 SET character_set_client = @saved_cs_client */;

--
-- Dumping data for table `course`
--

LOCK TABLES `course` WRITE;
/*!40000 ALTER TABLE `course` DISABLE KEYS */;
INSERT INTO `course` VALUES (1,'Object Oriented Programming','https://access.adelaide.edu.au/courses/search.asp?year=2024&m=r&subject=COMP%20SCI&catalogue=1102',22,'1102',1,'','COMP SCI 2009, COMP SCI 1202, COMP SCI 2202, COMP SCI 2202B'),(2,'Grand Challenges in Computer Science','null',22,' 1104',0,'',' '),(3,'Introduction to Software Engineering','https://access.adelaide.edu.au/courses/search.asp?year=2024&m=r&subject=COMP%20SCI&catalogue=1106',22,' 1106',1,' ','COMP SCI 2006'),(4,'Computer Systems','https://access.adelaide.edu.au/courses/search.asp?year=2024&m=r&subject=COMP%20SCI&catalogue=2000',22,' 2000',1,'One of COMP SCI 1102, COMP SCI 1202, COMP SCI 2202 or COMP SCI 2202B or (Both of COMP SCI 1015 and COMP SCI 1013)\n',' '),(5,'Topics in Computer Science','https://access.adelaide.edu.au/courses/search.asp?year=2024&m=r&subject=COMP%20SCI&catalogue=2008',22,' 2008',1,'COMP SCI 1104\n',' '),(6,'Algorithm Design & Data Structures','https://access.adelaide.edu.au/courses/search.asp?year=2024&m=r&subject=COMP%20SCI&catalogue=2103',22,' 2103',1,'COMP SCI 1102\n','COMP SCI 1103, COMP SCI 2202, COMP SCI 2202B\n'),(7,'Algorithm & Data Structure Analysis','https://access.adelaide.edu.au/courses/search.asp?year=2024&m=r&subject=COMP%20SCI&catalogue=2201',22,' 2201',1,'One of COMP SCI 1103, COMP SCI 1203, COMP SCI 2103, COMP SCI 2202 or COMP SCI 2202B\n','COMP SCI 2004\n'),(8,'Web & Database Computing','https://access.adelaide.edu.au/courses/search.asp?year=2024&m=r&subject=COMP%20SCI&catalogue=2207',22,' 2207',1,'COMP SCI 1102, COMP SCI 1202, COMP SCI 2009, COMP SCI 2202 or (COMP SCI 1013 and COMP SCI 1015)\n','COMP SCI 1003, COMP SCI 1105, COMP SCI 2002\n'),(9,'Operating Systems','https://access.adelaide.edu.au/courses/search.asp?year=2024&m=r&subject=COMP%20SCI&catalogue=3004',22,' 3004',1,'One of COMP SCI 2103, COMP SCI 2202, COMP SCI 2009 or COMP SCI 2202B\n',' '),(10,'Advanced Topics in Computer Science','https://access.adelaide.edu.au/courses/search.asp?year=2024&m=r&subject=COMP%20SCI&catalogue=3020',22,' 3020',1,'COMP SCI 2008\n',' '),(11,'Software Engineering & Project','https://access.adelaide.edu.au/courses/search.asp?year=2024&m=r&subject=COMP%20SCI&catalogue=3006',22,' 3006',1,'One of COMP SCI 1103, COMP SCI 1203, COMP SCI 2103, COMP SCI 2202 or COMP SCI 2202B\n','COMP SCI 3015B, COMP SCI 3018, COMP SCI 3303, COMP SCI 3304, COMP SCI 3310, COMP SCI 3311, COMP SCI 3312, COMP SCI 3313\n'),(12,'Software Engineering & Project (Artificial Intelligence)','https://access.adelaide.edu.au/courses/search.asp?year=2024&m=r&subject=COMP%20SCI&catalogue=3310',22,' 3310',1,'One of COMP SCI 1103, COMP SCI 1203, COMP SCI 2103, COMP SCI 2202 or COMP SCI 2202B\n','COMP SCI 3006, COMP SCI 3015B, COMP SCI 3018, COMP SCI 3303, COMP SCI 3304, COMP SCI 3311, COMP SCI 3312, COMP SCI 3313\n'),(13,'Software Engineering & Project (Data Science)','https://access.adelaide.edu.au/courses/search.asp?year=2024&m=r&subject=COMP%20SCI&catalogue=3311',22,' 3311',1,'One of COMP SCI 1103, COMP SCI 1203, COMP SCI 2103, COMP SCI 2202 or COMP SCI 2202B\n','COMP SCI 3006, COMP SCI 3015B, COMP SCI 3018, COMP SCI 3303, COMP SCI 3304, COMP SCI 3310, COMP SCI 3312, COMP SCI 3313\n'),(14,'Software Engineering & Project (Cybersecurity)','https://access.adelaide.edu.au/courses/search.asp?year=2024&m=r&subject=COMP%20SCI&catalogue=3312',22,' 3312',1,'One of COMP SCI 1103, COMP SCI 1203, COMP SCI 2103, COMP SCI 2202 or COMP SCI 2202B\n','COMP SCI 3006, COMP SCI 3015B, COMP SCI 3018, COMP SCI 3303, COMP SCI 3304, COMP SCI 3310, COMP SCI 3311, COMP SCI 3313\n'),(15,'Software Engineering & Project (Distributed Systems & Networking)','https://access.adelaide.edu.au/courses/search.asp?year=2024&m=r&subject=COMP%20SCI&catalogue=3313',22,' 3313',1,'One of COMP SCI 1103, COMP SCI 1203, COMP SCI 2103, COMP SCI 2202 or COMP SCI 2202B\n','COMP SCI 3006, COMP SCI 3015B, COMP SCI 3018, COMP SCI 3303, COMP SCI 3304, COMP SCI 3310, COMP SCI 3311, COMP SCI 3312\n'),(16,'Mathematics for Data Science I','https://access.adelaide.edu.au/courses/search.asp?year=2024&m=r&subject=MATHS&catalogue=1004',23,' 1004',1,'At least a C- in SACE Stage 2 Mathematical Methods or IB Mathematics: at least 3 in Applications and Interpretations HL; or 4 in Analysis and Approaches SL\n','MATHS 1008, MATHS 1010, MATHS 1012\n'),(17,'Mathematics IB','https://access.adelaide.edu.au/courses/search.asp?year=2024&m=r&subject=MATHS&catalogue=1012',23,' 1012',1,'MATHS 1011\n','ECON 1005, ECON 1010, MATHS 1004, MATHS 1009, MATHS 1010\n'),(18,'Professional Practice III','https://access.adelaide.edu.au/courses/search.asp?year=2024&m=r&subject=MATHS&catalogue=3025',23,' 3025',1,'COMP SCI 1102, COMP SCI 2009, MATHS 1004 or MATHS 1012\n','MATHS 3015, PROF 3883\n'),(19,'Tech eChallenge','https://access.adelaide.edu.au/courses/search.asp?year=2024&m=r&subject=ENTREP&catalogue=3901',25,' 3901',1,'',' '),(20,'Introduction to Computer Systems, Networks and Security','https://access.adelaide.edu.au/courses/search.asp?year=2024&m=r&subject=COMP%20SCI&catalogue=1013',22,'1013',1,'',' '),(21,'Information Technology Project','https://access.adelaide.edu.au/courses/search.asp?year=2024&m=r&subject=COMP%20SCI&catalogue=1014',22,' 1014',1,' ',' '),(22,'Introduction to Applied Programming','null',22,' 1015',0,'',' '),(23,'Programming for IT Specialists','https://access.adelaide.edu.au/courses/search.asp?year=2024&m=r&subject=COMP%20SCI&catalogue=2009',22,' 2009',1,'COMP SCI 1015\n','COMP SCI 1102, COMP SCI 1202, COMP SCI 2202, COMP SCI 2202B\n'),(24,'Databases and Ethical Data','https://access.adelaide.edu.au/courses/search.asp?year=2024&m=r&subject=COMP%20SCI&catalogue=2208',22,' 2208',1,'COMP SCI 1015 or COMP SCI 1102\n',' '),(25,'Business Finance','https://access.adelaide.edu.au/courses/search.asp?year=2024&m=r&subject=CORPFIN&catalogue=1002',37,' 1002',1,' ',' '),(26,'Foundations of Project Management','https://access.adelaide.edu.au/courses/search.asp?year=2024&m=r&subject=PROJMGNT&catalogue=1001',28,' 1001',1,' ',' '),(27,'Systems Engineering and Industry Practice','https://access.adelaide.edu.au/courses/search.asp?year=2024&m=r&subject=ENG&catalogue=3004',24,' 3004',1,'At least 48 units at Levels I and II of the Program\n','ELEC ENG 3100, MECH ENG 3027, MECH ENG 3105\n'),(28,'Design Thinking: Problems to Practice','https://access.adelaide.edu.au/courses/search.asp?year=2024&m=r&subject=ENTREP&catalogue=1020',25,' 1020',1,' ',' '),(29,'Foundations of Computer Science A','https://access.adelaide.edu.au/courses/search.asp?year=2024&m=r&subject=COMP%20SCI&catalogue=7210',22,' 7210',1,' ','COMP SCI 7202, COMP SCI 7208, COMP SCI 7103\n'),(30,'Foundations of Computer Science B','https://access.adelaide.edu.au/courses/search.asp?year=2024&m=r&subject=COMP%20SCI&catalogue=7211',22,'7211',1,'COMP SCI 7210; Master of Computing and Innovation students are permitted to enrol into COMP SCI 7210 and COMP SCI 7211 concurrently\n','COMP SCI 7202, COMP SCI 7208, COMP SCI 7103\n'),(31,'Concepts in Artificial Intelligence and Machine Learning','https://access.adelaide.edu.au/courses/search.asp?year=2024&m=r&subject=COMP%20SCI&catalogue=7327',22,'7327',1,' ','COMP SCI 3007\n'),(32,'Mathematical Foundations of Data Science','https://access.adelaide.edu.au/courses/search.asp?year=2024&m=r&subject=MATHS&catalogue=7027',23,'7027',1,' ',' '),(33,'Artificial Intelligence and Machine Learning Research Project Part A','null',22,'7205A',0,' ',' '),(34,'Artificial Intelligence and Machine Learning Research Project Part B','null',22,'7205B',0,' ',' '),(35,'Artificial Intelligence and Machine Learning Industry Project Part A','https://access.adelaide.edu.au/courses/search.asp?year=2024&m=r&subject=COMP%20SCI&catalogue=7206A',22,'7206A',1,' ',' '),(36,'Artificial Intelligence and Machine Learning Industry Project Part B','https://access.adelaide.edu.au/courses/search.asp?year=2024&m=r&subject=COMP%20SCI&catalogue=7206B',22,'7206B',1,'COMP SCI 7206A\n',' '),(37,'Specialised Programming','https://access.adelaide.edu.au/courses/search.asp?year=2024&m=r&subject=COMP%20SCI&catalogue=7007',22,' 7007',1,' ',' '),(38,'Research Project Master Computer Science – Part A','https://access.adelaide.edu.au/courses/search.asp?year=2024&m=r&subject=COMP%20SCI&catalogue=7100A',22,'7100A',1,'COMP SCI 7007\n','COMP SCI 7099A\n'),(39,'Research Project Master Computer Science – Part B','https://access.adelaide.edu.au/courses/search.asp?year=2024&m=r&subject=COMP%20SCI&catalogue=7100B',22,'7100B',1,'COMP SCI 7100A\n','COMP SCI 7099B\n'),(40,'Software Engineering & Project','https://access.adelaide.edu.au/courses/search.asp?year=2024&m=r&subject=COMP%20SCI&catalogue=7015',22,'7015',1,'COMP SCI 7103, COMP SCI 7202, (COMP SCI 7210 and COMP SCI 7211), COMP SCI 7202B or COMP SCI 7208\n',' '),(41,'Computer Networks & Applications','https://access.adelaide.edu.au/courses/search.asp?year=2024&m=r&subject=COMP%20SCI&catalogue=7039',22,'7039',1,'COMP SCI 7082 or COMP SCI 7201\n',' '),(42,'Operating Systems','https://access.adelaide.edu.au/courses/search.asp?year=2024&m=r&subject=COMP%20SCI&catalogue=7064',22,'7064',1,'COMP SCI 7103, COMP SCI 7202, COMP SCI 7202B, COMP SCI 7208 or COMP SCI 7211\n',' '),(43,'Computer Systems','https://access.adelaide.edu.au/courses/search.asp?year=2024&m=r&subject=COMP%20SCI&catalogue=7081',22,'7081',1,'(COMP SCI 7103 or COMP SCI 7202 or COMP SCI 7202B or COMP SCI 7208) or (COMP SCI 7210 and COMP SCI 7211)\n',' '),(44,'Algorithm & Data Structure Analysis','https://access.adelaide.edu.au/courses/search.asp?year=2024&m=r&subject=COMP%20SCI&catalogue=7201',22,'7201',1,'COMP SCI 7103, COMP SCI 7202, (COMP SCI 7210 and COMP SCI 7211), COMP SCI 7202B or COMP SCI 7208\n','COMP SCI 7082\n'),(45,'Foundations of Computer Science A','https://access.adelaide.edu.au/courses/search.asp?year=2024&m=r&subject=COMP%20SCI&catalogue=7210',22,'7210',1,' ','COMP SCI 7202, COMP SCI 7208, COMP SCI 7103\n'),(46,'Creativity and Innovation','https://access.adelaide.edu.au/courses/search.asp?year=2024&m=r&subject=ENTREP&catalogue=7022',25,'7022',1,' ',' '),(47,'Project Management Fundamentals','https://access.adelaide.edu.au/courses/search.asp?year=2024&m=r&subject=PROJMGNT&catalogue=5021',28,'5021',1,' ',' '),(48,'Entrepreneurial Concepts and Mindset','https://access.adelaide.edu.au/courses/search.asp?year=2024&m=r&subject=ENTREP&catalogue=5036',25,'5036',1,' ','ENTREP 5016, TECHCOMM 5016, ENTREP 5036UAC\n'),(49,'New Venture Creation','https://access.adelaide.edu.au/courses/search.asp?year=2024&m=r&subject=ENTREP&catalogue=5038',25,'5038',1,' ','ENTREP 5018, TECHCOMM 5018\n'),(50,'Master of Computing & Innovation Project','https://access.adelaide.edu.au/courses/search.asp?year=2024&m=r&subject=COMP%20SCI&catalogue=7098',22,'7098',1,' ',' '),(51,'Concepts in Cyber Security','https://access.adelaide.edu.au/courses/search.asp?year=2024&m=r&subject=COMP%20SCI&catalogue=7328',22,'7328',1,' ',' '),(52,'Data Taming','https://access.adelaide.edu.au/courses/search.asp?year=2024&m=r&subject=MATHS&catalogue=7107',23,'7107',1,' ',' '),(53,'Cyber Security Research Project Part A','https://access.adelaide.edu.au/courses/search.asp?year=2024&m=r&subject=COMP%20SCI&catalogue=7101A',22,'7101A',1,'COMP SCI 7308 or COMP SCI 7307\n',' '),(54,'Cyber Security Research Project Part B','https://access.adelaide.edu.au/courses/search.asp?year=2024&m=r&subject=COMP%20SCI&catalogue=7101B',22,'7101B',1,'COMP SCI 7101A\n',' '),(55,'Cyber Security Industry Project Part A','https://access.adelaide.edu.au/courses/search.asp?year=2024&m=r&subject=COMP%20SCI&catalogue=7102A',22,'7102A',1,'COMP SCI 7308 or COMP SCI 7307\n',' '),(56,'Cyber Security Industry Project Part B','https://access.adelaide.edu.au/courses/search.asp?year=2024&m=r&subject=COMP%20SCI&catalogue=7102B',22,'7102B',1,'COMP SCI 7102A\n',' '),(57,'Data Science PG','https://access.adelaide.edu.au/courses/search.asp?year=2024&m=r&subject=STATS&catalogue=7022',30,'7022',1,' ',' '),(58,'Data Science Research Project Part A','https://access.adelaide.edu.au/courses/search.asp?year=2024&m=r&subject=MATHS&catalogue=7097A',23,'7097A',1,'MATHS 7027 and COMP SCI 7211 and MATHS 7107\n',' '),(59,'Data Science Research Project Part B','https://access.adelaide.edu.au/courses/search.asp?year=2024&m=r&subject=MATHS&catalogue=7097B',23,'7097B',1,'MATHS 7097A\n',' '),(60,'Programming (Matlab and C)','https://access.adelaide.edu.au/courses/search.asp?year=2024&m=r&subject=ENG&catalogue=1002',24,'1002',1,' ','ENG 1003, COMP SCI 1012, COMP SCI 1015, COMP SCI 1101, COMP SCI 1201, CHEM ENG 1011, C&ENVENG 1012\n'),(61,'Professional Practice III','https://access.adelaide.edu.au/courses/search.asp?year=2024&m=r&subject=MATHS&catalogue=3025',23,'3025',1,'COMP SCI 1102, COMP SCI 2009, MATHS 1004 or MATHS 1012\n','MATHS 3015, PROF 3883\n'),(62,'Mathematics for Data Science I','https://access.adelaide.edu.au/courses/search.asp?year=2024&m=r&subject=MATHS&catalogue=1004',23,'1004',1,'At least a C- in SACE Stage 2 Mathematical Methods or IB Mathematics: at least 3 in Applications and Interpretations HL; or 4 in Analysis and Approaches SL\n','MATHS 1008, MATHS 1010, MATHS 1012\n'),(63,'Mathematics IB','https://access.adelaide.edu.au/courses/search.asp?year=2024&m=r&subject=MATHS&catalogue=1012',23,'1012',1,'MATHS 1011\n','ECON 1005, ECON 1010, MATHS 1004, MATHS 1009, MATHS 1010\n'),(64,'Software Engineering & Project','https://access.adelaide.edu.au/courses/search.asp?year=2024&m=r&subject=COMP%20SCI&catalogue=3006',22,'3006',1,'One of COMP SCI 1103, COMP SCI 1203, COMP SCI 2103, COMP SCI 2202 or COMP SCI 2202B\n',' '),(65,'Software Engineering & Project (Artificial Intelligence)','https://access.adelaide.edu.au/courses/search.asp?year=2024&m=r&subject=COMP%20SCI&catalogue=3310',22,'3310',1,'One of COMP SCI 1103, COMP SCI 1203, COMP SCI 2103, COMP SCI 2202 or COMP SCI 2202B\n','COMP SCI 3006, COMP SCI 3015B, COMP SCI 3018, COMP SCI 3303, COMP SCI 3304, COMP SCI 3311, COMP SCI 3312, COMP SCI 3313\n'),(66,'Software Engineering & Project (Data Science)','https://access.adelaide.edu.au/courses/search.asp?year=2024&m=r&subject=COMP%20SCI&catalogue=3311',22,'3311',1,'One of COMP SCI 1103, COMP SCI 1203, COMP SCI 2103, COMP SCI 2202 or COMP SCI 2202B\n','COMP SCI 3006, COMP SCI 3015B, COMP SCI 3018, COMP SCI 3303, COMP SCI 3304, COMP SCI 3310, COMP SCI 3312, COMP SCI 3313\n'),(67,'Software Engineering & Project (Cybersecurity)','https://access.adelaide.edu.au/courses/search.asp?year=2024&m=r&subject=COMP%20SCI&catalogue=3312',22,'3312',1,'One of COMP SCI 1103, COMP SCI 1203, COMP SCI 2103, COMP SCI 2202 or COMP SCI 2202B\n','COMP SCI 3006, COMP SCI 3015B, COMP SCI 3018, COMP SCI 3303, COMP SCI 3304, COMP SCI 3310, COMP SCI 3311, COMP SCI 3313\n'),(68,'Software Engineering & Project (Distributed Systems & Networking)','https://access.adelaide.edu.au/courses/search.asp?year=2024&m=r&subject=COMP%20SCI&catalogue=3313',22,'3313',1,'One of COMP SCI 1103, COMP SCI 1203, COMP SCI 2103, COMP SCI 2202 or COMP SCI 2202B\n','COMP SCI 3006, COMP SCI 3015B, COMP SCI 3018, COMP SCI 3303, COMP SCI 3304, COMP SCI 3310, COMP SCI 3311, COMP SCI 3312\n'),(69,'Capstone Project in Mathematical Sciences III','https://access.adelaide.edu.au/courses/search.asp?year=2024&m=r&subject=MATHS&catalogue=3021',23,'3021',1,'9 units of Mathematical Sciences at Level II or higher\n','MATHS 3020\n'),(70,'Mathematics IA','https://access.adelaide.edu.au/courses/search.asp?year=2024&m=r&subject=MATHS&catalogue=1011',23,'1011',1,'At least a C- in both SACE Stage 2 Mathematical Methods and SACE Stage 2 Specialist Mathematics; or at least 3 in IB Mathematics: analysis and approaches HL; or MATHS 1013.\n','At least B in both SACE Stage 2 Mathematical Methods and SACE Stage 2 Specialist Mathematics. Students who have not achieved this standard are strongly advised to take MATHS 1013 before attempting MATHS 1011.\n'),(71,'Real Analysis II','https://access.adelaide.edu.au/courses/search.asp?year=2024&m=r&subject=MATHS&catalogue=2100',23,'2100',1,'MATHS 1012\n',' '),(72,'Multivariable & Complex Calculus II','https://access.adelaide.edu.au/courses/search.asp?year=2024&m=r&subject=MATHS&catalogue=2101',23,'2101',1,'MATHS 1012\n','MATHS 2202, ELEC ENG 2106\n'),(73,'Differential Equations II','https://access.adelaide.edu.au/courses/search.asp?year=2024&m=r&subject=MATHS&catalogue=2102',23,'2102',1,'MATHS 1012\n','MATHS 2201, MATHS 2106\n'),(74,'Probability & Statistics II','https://access.adelaide.edu.au/courses/search.asp?year=2024&m=r&subject=MATHS&catalogue=2103',23,'2103',1,'MATHS 1012 or MATHS 1004\n','NULL'),(75,'Statistical Analysis and Modelling I','https://access.adelaide.edu.au/courses/search.asp?year=2024&m=r&subject=STATS&catalogue=1005',30,'1005',1,'At least a C- in both SACE Stage 2 Mathematical Methods and SACE Stage 2 Specialist Mathematics; or at least 3 in IB Mathematics: analysis and approaches HL; or MATHS 1013.\n','MATHS 2107, STATS 1000, STATS 1004, STATS 1504, ECON 1008\n'),(76,'Statistical Modelling and Inference II','https://access.adelaide.edu.au/courses/search.asp?year=2024&m=r&subject=STATS&catalogue=2107',30,'2107',1,'(MATHS 1004 or MATHS 1012) and (STATS 1000 or STATS 1004 or STATS 1005 or MATHS 2201 or MATHS 2107)\n',' '),(77,'Advanced Mathematical Perspectives I','https://access.adelaide.edu.au/courses/search.asp?year=2024&m=r&subject=MATHS&catalogue=1015',23,'1015',1,' ',' '),(78,'Advanced Mathematical Perspectives II','https://access.adelaide.edu.au/courses/search.asp?year=2024&m=r&subject=MATHS&catalogue=2203',23,'2203',1,'MATHS 1012 and MATHS 1015\n',' '),(79,'Advanced Mathematical Perspectives III','https://access.adelaide.edu.au/courses/search.asp?year=2024&m=r&subject=MATHS&catalogue=3020',23,'3020',1,'MATHS 2203\n','MATHS 3021\n'),(80,'Applied Mathematics Masters Project A','https://access.adelaide.edu.au/courses/search.asp?year=2023&m=r&subject=APP%20MTH&catalogue=7300A',31,'7300A',1,' ',' '),(81,'Applied Mathematics Masters Project B','https://access.adelaide.edu.au/courses/search.asp?year=2023&m=r&subject=APP%20MTH&catalogue=7300B',31,'7300B',1,' ',' '),(82,'Applied Mathematics Masters Project C','https://access.adelaide.edu.au/courses/search.asp?year=2023&m=r&subject=APP%20MTH&catalogue=7300C',31,'7300C',1,' ',' '),(83,'Applied Mathematics Masters Project D','https://access.adelaide.edu.au/courses/search.asp?year=2023&m=r&subject=APP%20MTH&catalogue=7300D',31,'7300D',1,' ',' '),(84,'Mathematical Sciences Masters Project A','https://access.adelaide.edu.au/courses/search.asp?year=2023&m=r&subject=MATHS&catalogue=7300A',23,'7300A',1,' ',' '),(85,'Mathematical Sciences Masters Project B','https://access.adelaide.edu.au/courses/search.asp?year=2023&m=r&subject=MATHS&catalogue=7300B',23,'7300B',1,' ',' '),(86,'Mathematical Sciences Masters Project C','https://access.adelaide.edu.au/courses/search.asp?year=2024&m=r&subject=MATHS&catalogue=7300C',23,'7300C',1,' ',' '),(87,'Mathematical Sciences Masters Project D','https://access.adelaide.edu.au/courses/search.asp?year=2023&m=r&subject=MATHS&catalogue=7300D',23,'7300D',1,' ',' '),(88,'Pure Mathematics Masters Project A','https://access.adelaide.edu.au/courses/search.asp?year=2023&m=r&subject=PURE%20MTH&catalogue=7300A',34,'7300A',1,' ',' '),(89,'Pure Mathematics Masters Project B','https://access.adelaide.edu.au/courses/search.asp?year=2024&m=r&subject=PURE%20MTH&catalogue=7300B',34,'7300B',1,' ',' '),(90,'Pure Mathematics Masters Project C','https://access.adelaide.edu.au/courses/search.asp?year=2024&m=r&subject=PURE%20MTH&catalogue=7300C',34,'7300C',1,' ',' '),(91,'Pure Mathematics Masters Project D','https://access.adelaide.edu.au/courses/search.asp?year=2024&m=r&subject=PURE%20MTH&catalogue=7300D',34,'7300D',1,' ',' '),(92,'Statistics Masters Project A','https://access.adelaide.edu.au/courses/search.asp?year=2024&m=r&subject=STATS&catalogue=7300A',30,'7300A',1,' ',' '),(93,'Statistics Masters Project B','https://access.adelaide.edu.au/courses/search.asp?year=2023&m=r&subject=STATS&catalogue=7300B',30,'7300B',1,' ',' '),(94,'Statistics Masters Project C','https://access.adelaide.edu.au/courses/search.asp?year=2024&m=r&subject=STATS&catalogue=7300C',30,'7300C',1,' ',' '),(95,'Statistics Masters Project D','https://access.adelaide.edu.au/courses/search.asp?year=2024&m=r&subject=STATS&catalogue=7300D',30,'7300D',1,' ',' '),(96,'Puzzle Based Learning','https://access.adelaide.edu.au/courses/search.asp?year=2024&m=r&subject=COMP%20SCI&catalogue=1010',22,' 1010',1,' ',' '),(97,'Systems Programming','https://access.adelaide.edu.au/courses/search.asp?year=2024&m=r&subject=COMP%20SCI&catalogue=2005',22,' 2005',1,'One of COMP SCI 1102, COMP SCI 1202, COMP SCI 2202, COMP SCI 2009 or COMP SCI 2202B\n',' '),(98,'Problem Solving & Software Development','https://access.adelaide.edu.au/courses/search.asp?year=2024&m=r&subject=COMP%20SCI&catalogue=2203',22,' 2203',1,'One of COMP SCI 1103, COMP SCI 1203, COMP SCI 2103, COMP SCI 2202, COMP SCI 2009 or COMP SCI 2202B\n',' '),(99,'Computer Networks & Applications','https://access.adelaide.edu.au/courses/search.asp?year=2024&m=r&subject=COMP%20SCI&catalogue=3001',22,' 3001',1,'(COMP SCI 2009 and COMP SCI 2208) or COMP SCI 2103\n',' '),(100,'Artificial Intelligence','https://access.adelaide.edu.au/courses/search.asp?year=2024&m=r&subject=COMP%20SCI&catalogue=3007',22,' 3007',1,'One of COMP SCI 1103, COMP SCI 1203, COMP SCI 2009, COMP SCI 2103, COMP SCI 2202 or COMP SCI 2202B\n',' '),(101,'Distributed Systems','https://access.adelaide.edu.au/courses/search.asp?year=2024&m=r&subject=COMP%20SCI&catalogue=3012',22,' 3012',1,'One of COMP SCI 1103, COMP SCI 1203, COMP SCI 2103, COMP SCI 2202, COMP SCI 2009 or COMP SCI 2202B\n',' '),(102,'Parallel and Distributed Computing','https://access.adelaide.edu.au/courses/search.asp?year=2024&m=r&subject=COMP%20SCI&catalogue=3305',22,' 3305',1,'One of COMP SCI 1103, COMP SCI 1203, COMP SCI 2103, COMP SCI 2202, COMP SCI 2009 or COMP SCI 2202B\n',' '),(103,'Secure Programming','https://access.adelaide.edu.au/courses/search.asp?year=2024&m=r&subject=COMP%20SCI&catalogue=3307',22,' 3307',1,'One of COMP SCI 1103, COMP SCI 1203, COMP SCI 2103, COMP SCI 2202, COMP SCI 2202B or COMP SCI 2009\n','COMP SCI 4406, COMP SCI 4806\n'),(104,'Cybersecurity Fundamentals','https://access.adelaide.edu.au/courses/search.asp?year=2024&m=r&subject=COMP%20SCI&catalogue=3308',22,' 3308',1,'One of COMP SCI 1103, COMP SCI 1203, COMP SCI 2009, COMP SCI 2103, COMP SCI 2202 or COMP SCI 2202B\n',' '),(105,'Introduction to Statistical Machine Learning','https://access.adelaide.edu.au/courses/search.asp?year=2024&m=r&subject=COMP%20SCI&catalogue=3314',22,' 3314',1,'COMP SCI 2201 or COMP SCI 2009\n','COMP SCI 4401, COMP SCI 4801\n'),(106,'Computer Vision','https://access.adelaide.edu.au/courses/search.asp?year=2024&m=r&subject=COMP%20SCI&catalogue=3315',22,' 3315',1,'COMP SCI 2009 or COMP SCI 2103\n','COMP SCI 4022, COMP SCI 4122\n'),(107,'Evolutionary Computation','https://access.adelaide.edu.au/courses/search.asp?year=2024&m=r&subject=COMP%20SCI&catalogue=3316',22,' 3316',1,'One of COMP SCI 1103, COMP SCI 1203, COMP SCI 2009, COMP SCI 2103, COMP SCI 2202 or COMP SCI 2202B\n','COMP SCI 4095, COMP SCI 4195\n'),(108,'Using Machine Learning Tools','https://access.adelaide.edu.au/courses/search.asp?year=2024&m=r&subject=COMP%20SCI&catalogue=3317',22,' 3317',1,'COMP SCI 2009 or COMP SCI 2103 or COMP SCI 2202\n',' '),(109,'Computer Architecture','https://access.adelaide.edu.au/courses/search.asp?year=2024&m=r&subject=ELEC%20ENG&catalogue=3088',36,' 3088',1,'COMP SCI 2103 or COMP SCI 2202\n','COMP SCI 3005\n'),(110,'Programming (Matlab and C)','https://access.adelaide.edu.au/courses/search.asp?year=2024&m=r&subject=ENG&catalogue=1002',24,' 1002',1,' ','ENG 1003, COMP SCI 1012, COMP SCI 1015, COMP SCI 1101, COMP SCI 1201, CHEM ENG 1011, C&ENVENG 1012\n'),(111,'Programming (Matlab and Excel)','https://access.adelaide.edu.au/courses/search.asp?year=2024&m=r&subject=ENG&catalogue=1003',24,' 1003',1,' ','ENG 1002, COMP SCI 1012, COMP SCI 1015, COMP SCI 1101, COMP SCI 1201, CHEM ENG 1011 or C&ENVENG 1012\n'),(112,'STEM Internship','null',35,' 3700',0,' ',' '),(113,'STEM Internship','null',35,' 3710',0,' ',' '),(114,'Artificial Intelligence','null',22,' 7059',0,' ',' '),(115,'Human and Ethical Factors in Computer Science','null',22,' 7212',0,' ',' '),(116,'Introduction to Statistical Machine Learning','null',22,' 7314',0,' ',' '),(117,'Computer Vision','null',22,' 7315',0,' ',' '),(118,'Using Machine Learning Tools PG','https://access.adelaide.edu.au/courses/search.asp?year=2024&m=r&subject=COMP%20SCI&catalogue=7317',22,' 7317',1,'COMP SCI 7202 or (COMP SCI 7210 and COMP SCI 7211); M. Computer Science students are exempted from this pre-req requirement\n',' '),(119,'Deep Learning Fundamentals','https://access.adelaide.edu.au/courses/search.asp?year=2024&m=r&subject=COMP%20SCI&catalogue=7318',22,' 7318',1,'COMP SCI 7202 or (COMP SCI 7210 and COMP SCI 7211)\n',' '),(120,'Applied Machine Learning','https://access.adelaide.edu.au/courses/search.asp?year=2024&m=r&subject=COMP%20SCI&catalogue=7416',22,' 7416',1,' ',' '),(121,'Applied Natural Language Processing','https://access.adelaide.edu.au/courses/search.asp?year=2024&m=r&subject=COMP%20SCI&catalogue=7417',22,' 7417',1,'(COMP SCI 7210 and COMP SCI 7211) or COMP SCI 7201\n',' '),(122,'Machine Learning and Artificial Intelligence','https://access.adelaide.edu.au/courses/search.asp?year=2024&m=r&subject=PHIL&catalogue=7005',29,' 7005',1,' ',' '),(123,'STEM Internship','https://access.adelaide.edu.au/courses/search.asp?year=2024&m=r&subject=STEM&catalogue=7111',35,' 7111',1,' ','STEM 7555, ABLEINT 7001, ABLEINT 7002, BUSINESS 7002, ARCH 7036, ENG 7110, ENG 7111, LARCH 7030, SCIENCE 7555, PROF 7500, PROF 7502, PROF 7505, PROF 7506, PROF 7507, CONMGNT 7700\n'),(124,'Computer Networks & Applications','https://access.adelaide.edu.au/courses/search.asp?year=2024&m=r&subject=COMP%20SCI&catalogue=7039',22,' 7039',1,'COMP SCI 7082 or COMP SCI 7201\n',' '),(125,'Operating Systems','https://access.adelaide.edu.au/courses/search.asp?year=2024&m=r&subject=COMP%20SCI&catalogue=7064',22,' 7064',1,'COMP SCI 7103, COMP SCI 7202, COMP SCI 7202B, COMP SCI 7208 or COMP SCI 7211\n',' '),(126,'Distributed Systems','https://access.adelaide.edu.au/courses/search.asp?year=2024&m=r&subject=COMP%20SCI&catalogue=7076',22,' 7076',1,'COMP SCI 7103, COMP SCI 7202, COMP SCI 7202B, COMP SCI 7208 or COMP SCI 7211; M Computer Science only exempted from Pre-requisite\n',' '),(127,'Systems Programming','https://access.adelaide.edu.au/courses/search.asp?year=2024&m=r&subject=COMP%20SCI&catalogue=7088',22,' 7088',1,'COMP SCI 7103, COMP SCI 7202, COMP SCI 7202B, COMP SCI 7208 or COMP SCI 7211\n',' '),(128,'Big Data Analysis and Project','https://access.adelaide.edu.au/courses/search.asp?year=2024&m=r&subject=COMP%20SCI&catalogue=7209',22,' 7209',1,' ',' '),(129,'Parallel and Distributed Computing','https://access.adelaide.edu.au/courses/search.asp?year=2024&m=r&subject=COMP%20SCI&catalogue=7305',22,' 7305',1,'COMP SCI 7103, COMP SCI 7202, COMP SCI 7202B, COMP SCI 7208 or COMP SCI 7211\n',' '),(130,'Mining Big Data','https://access.adelaide.edu.au/courses/search.asp?year=2024&m=r&subject=COMP%20SCI&catalogue=7306',22,' 7306',1,'COMP SCI 7201; Master Computer Science students are exempted from this pre-requisite requirement\n','COMP SCI 7403\n'),(131,'Secure Programming','https://access.adelaide.edu.au/courses/search.asp?year=2024&m=r&subject=COMP%20SCI&catalogue=7307',22,' 7307',1,'COMP SCI 7103, COMP SCI 7202, COMP SCI 7202B, COMP SCI 7208 or COMP SCI 7211\n','COMP SCI 7406\n'),(132,'Cybersecurity Fundamentals','https://access.adelaide.edu.au/courses/search.asp?year=2024&m=r&subject=COMP%20SCI&catalogue=7308',22,' 7308',1,'COMP SCI 7103, COMP SCI 7202, COMP SCI 7202B, COMP SCI 7208 or COMP SCI 7211\n','COMP SCI 7088\n'),(133,'Advanced Algorithms','https://access.adelaide.edu.au/courses/search.asp?year=2024&m=r&subject=COMP%20SCI&catalogue=7407',22,' 7407',1,'COMP SCI 7201; M Computer Science students are exempted from this pre-requisite requirement.\n','COMP SCI 7301\n'),(134,'Probability & Statistics PG','https://access.adelaide.edu.au/courses/search.asp?year=2024&m=r&subject=MATHS&catalogue=7103',23,' 7103',1,'MATHS 7027\n',' '),(135,'Statistical Modelling and Inference','https://access.adelaide.edu.au/courses/search.asp?year=2024&m=r&subject=STATS&catalogue=7107',30,' 7107',1,'MATHS 7027\n',' '),(136,'Mobile and Wireless Systems','https://access.adelaide.edu.au/courses/search.asp?year=2024&m=r&subject=COMP%20SCI&catalogue=7092',22,' 7092',1,'COMP SCI 7007, COMP SCI 7076 and COMP SCI 7411\n',' '),(137,'Secure Software Engineering','https://access.adelaide.edu.au/courses/search.asp?year=2024&m=r&subject=COMP%20SCI&catalogue=7412',22,' 7412',1,' ','COMP SCI 4412, COMP SCI 4812\n'),(138,'Software Architecture','null',22,' 7000',0,' ',' '),(139,'Software Process Improvement','https://access.adelaide.edu.au/courses/search.asp?year=2024&m=r&subject=COMP%20SCI&catalogue=7023',22,' 7023',1,'COMP SCI 7007\n',' '),(140,'Modelling and Analysis of Complex Systems PG','null',22,' 7408',0,' ',' '),(141,'Search Based Software Engineering','null',22,' 7409',0,' ',' '),(142,'Event Driven Computing','null',22,' 7411',0,' ',' '),(143,'Introduction to Quantum Computing','null',22,' 7413',0,' ',' '),(144,'Hot Topics in IoT Security','https://access.adelaide.edu.au/courses/search.asp?year=2024&m=r&subject=COMP%20SCI&catalogue=7106',22,' 7106',1,' ',' '),(145,'Web and Database Computing','https://access.adelaide.edu.au/courses/search.asp?year=2024&m=r&subject=COMP%20SCI&catalogue=7207',22,' 7207',1,' ',' '),(146,'Evolutionary Computation','https://access.adelaide.edu.au/courses/search.asp?year=2024&m=r&subject=COMP%20SCI&catalogue=7316',22,' 7316',1,' ',' '),(147,'Business Data & Cyber Security (M)','null',38,' 7023',0,' ',' '),(148,'Information Risks, Threats & Controls (M)','null',38,' 7025',0,' ',' '),(149,'Policies & Procedures in Organisational Cyber Security (M)','null',38,' 7026',0,' ',' '),(150,'Computer Systems','https://access.adelaide.edu.au/courses/search.asp?year=2024&m=r&subject=COMP%20SCI&catalogue=7081',22,' 7081',1,'(COMP SCI 7103 or COMP SCI 7202 or COMP SCI 7202B or COMP SCI 7208) or (COMP SCI 7210 and COMP SCI 7211)\n',' '),(151,'Cryptography PG','https://access.adelaide.edu.au/courses/search.asp?year=2024&m=r&subject=MATHS&catalogue=7026',23,' 7026',1,'MATHS 7027\n',' '),(152,'Business Information Systems & Management (M)','null',38,' 7024',0,' ',' '),(153,'Digital Microelectronic Systems PG','null',36,' 7051',0,' ',' '),(154,'Principles of Communication Systems','null',36,' 7080',0,' ',' '),(155,'Telecommunications Systems','null',36,' 7081',0,' ',' '),(156,'Decision Science PG','null',31,' 7124',0,' ',' '),(157,'Data Literacy','https://access.adelaide.edu.au/courses/search.asp?year=2024&m=r&subject=MATHS&catalogue=7105',23,' 7105',1,' ',' '),(158,'Algorithm & Data Structure Analysis','https://access.adelaide.edu.au/courses/search.asp?year=2024&m=r&subject=COMP%20SCI&catalogue=7201',22,' 7201',1,'COMP SCI 7103, COMP SCI 7202, (COMP SCI 7210 and COMP SCI 7211), COMP SCI 7202B or COMP SCI 7208\n','COMP SCI 7082\n'),(159,'Programming and Computational Thinking for Data Science','null',22,' 7208',0,' ',' '),(160,'Statistical Modelling','null',30,' 7054',0,' ',' '),(161,'Applied Mathematics Topic C','null',31,' 7044',0,' ',' '),(162,'Applied Mathematics Topic B','null',31,' 7045',0,' ',' '),(163,'Applied Mathematics Topic A','null',31,' 7048',0,' ',' '),(164,'Applied Mathematics Topic D','null',31,' 7049',0,' ',' '),(165,'Applied Mathematics Topic E','null',31,' 7087',0,' ',' '),(166,'Applied Mathematics Topic F','null',31,' 7088',0,' ',' '),(167,'Statistics Topic A','null',30,' 7004',0,' ',' '),(168,'Statistics Topic D','null',30,' 7008',0,' ',' '),(169,'Optimisation and Operations Research II','null',31,' 2105',0,' ',' '),(170,'Applied Probability III','https://access.adelaide.edu.au/courses/search.asp?year=2024&m=r&subject=APP%20MTH&catalogue=3001',31,' 3001',1,'(MATHS 1012 and MATHS 2103) or (MATHS 2201 and MATHS 2202) or (MATHS 2106 and MATHS 2107)\n',' '),(171,'Fluid Mechanics III','https://access.adelaide.edu.au/courses/search.asp?year=2024&m=r&subject=APP%20MTH&catalogue=3002',31,' 3002',1,'(MATHS 2102 or MATHS 2106 or MATHS 2201) and (MATHS 2101 or MATHS 2202 or ELEC ENG 2106)\n',' '),(172,'Optimisation III','https://access.adelaide.edu.au/courses/search.asp?year=2024&m=r&subject=APP%20MTH&catalogue=3014',31,' 3014',1,'MATHS 1012\n',' '),(173,'Random Processes III','https://access.adelaide.edu.au/courses/search.asp?year=2024&m=r&subject=APP%20MTH&catalogue=3016',31,' 3016',1,'(MATHS 1012 and MATHS 2103) or (MATHS 2201 and MATHS 2202) or (MATHS 2106 and MATHS 2107)\n',' '),(174,'Modelling with Ordinary Differential Equations III','https://access.adelaide.edu.au/courses/search.asp?year=2024&m=r&subject=APP%20MTH&catalogue=3021',31,' 3021',1,'MATHS 2102 or MATHS 2106 or MATHS 2201\n',' '),(175,'Partial Differential Equations and Waves III','https://access.adelaide.edu.au/courses/search.asp?year=2024&m=r&subject=APP%20MTH&catalogue=3023',31,' 3023',1,'MATHS 2102 or MATHS 2106 or MATHS 2201\n',' '),(176,'Decision Science III','https://access.adelaide.edu.au/courses/search.asp?year=2024&m=r&subject=APP%20MTH&catalogue=3124',31,' 3124',1,'(MATHS 1012 or MATHS 1004) and (MATHS 2103 or MATHS 2107)\n',' '),(177,'Object Oriented Programming','https://access.adelaide.edu.au/courses/search.asp?year=2024&m=r&subject=COMP%20SCI&catalogue=1102',22,' 1102',1,' ','COMP SCI 2009, COMP SCI 1202, COMP SCI 2202, COMP SCI 2202B\n'),(178,'Information Security Professional Practice','null',22,' 3302',0,' ',' '),(179,'Critical Evaluation in Data Science','null',23,' 1005',0,' ',' '),(180,'Data Taming & Prediction','null',23,' 1006',0,' ',' '),(181,'Mathematics IA','null',23,' 1011',0,' ',' '),(182,'Mathematics IM','https://access.adelaide.edu.au/courses/search.asp?year=2024&m=r&subject=MATHS&catalogue=1013',23,' 1013',1,'At least a C- in SACE Stage 2 Mathematical Methods; or IB Mathematics: at least 3 in applications and interpretations HL, or 4 in analysis and approaches SL\n','ECON 1005, ECON 1010, MATHS 1009, MATHS 1010\n'),(183,'Real Analysis II','null',23,' 2100',0,' ',' '),(184,'Multivariable & Complex Calculus II','null',23,' 2101',0,' ',' '),(185,'Differential Equations II','https://access.adelaide.edu.au/courses/search.asp?year=2024&m=r&subject=MATHS&catalogue=2102',23,' 2102',1,'MATHS 1012\n','MATHS 2201, MATHS 2106\n'),(186,'Probability & Statistics II','https://access.adelaide.edu.au/courses/search.asp?year=2024&m=r&subject=MATHS&catalogue=2103',23,' 2103',1,'MATHS 1012 or MATHS 1004\n',' '),(187,'Numerical Methods II','https://access.adelaide.edu.au/courses/search.asp?year=2024&m=r&subject=MATHS&catalogue=2104',23,' 2104',1,'MATHS 1012 and (COMP SCI 1012 or COMP SCI 1101 or COMP SCI 1102 or COMP SCI 1201 or ENG 1002 or ENG 1003 or MECH ENG 1100 or MECH ENG 1102 or MECH ENG 1103 or MECH ENG 1104 or MECH ENG 1105 or C&ENVENG 1012).\n','MATHS 2107\n'),(188,'Financial Modelling: Tools & Techniques III','https://access.adelaide.edu.au/courses/search.asp?year=2024&m=r&subject=MATHS&catalogue=3012',23,' 3012',1,'MATHS 1010 or MATHS 1011 or ECON 1010\n',' '),(189,'Capstone Project in Mathematical Sciences III','https://access.adelaide.edu.au/courses/search.asp?year=2024&m=r&subject=MATHS&catalogue=3021',23,' 3021',1,'9 units of Mathematical Sciences at Level II or higher\n','MATHS 3020\n'),(190,'Cryptography III','https://access.adelaide.edu.au/courses/search.asp?year=2024&m=r&subject=MATHS&catalogue=3026',23,' 3026',1,'MATHS 1004 or MATHS 1008 or MATHS 1011 or MATHS 1013\n',' '),(191,'Algebra II','https://access.adelaide.edu.au/courses/search.asp?year=2024&m=r&subject=PURE%20MTH&catalogue=2106',34,' 2106',1,'MATHS 1012\n',' '),(192,'Topology and Analysis III','https://access.adelaide.edu.au/courses/search.asp?year=2024&m=r&subject=PURE%20MTH&catalogue=3002',34,' 3002',1,'MATHS 2100\n',' '),(193,'Groups and Rings III','https://access.adelaide.edu.au/courses/search.asp?year=2024&m=r&subject=PURE%20MTH&catalogue=3007',34,' 3007',1,'MATHS 1012\n',' '),(194,'Complex Analysis III','https://access.adelaide.edu.au/courses/search.asp?year=2024&m=r&subject=PURE%20MTH&catalogue=3019',34,' 3019',1,'MATHS 2100 or MATHS 2101 or MATHS 2202 or ELEC ENG 2106\n',' '),(195,'Geometry of Surfaces III','null',34,' 3022',0,' ',' '),(196,'Fields and Modules III','null',34,' 3023',0,' ',' '),(197,'Statistical Practice I','https://access.adelaide.edu.au/courses/search.asp?year=2024&m=r&subject=STATS&catalogue=1000',30,' 1000',1,' ','MATHS 2107, STATS 1004, STATS 1005, ECON 1008, STATS 1504\n'),(198,'Statistical Analysis and Modelling I','https://access.adelaide.edu.au/courses/search.asp?year=2024&m=r&subject=STATS&catalogue=1005',30,' 1005',1,'At least a C- in both SACE Stage 2 Mathematical Methods and SACE Stage 2 Specialist Mathematics; or at least 3 in IB Mathematics: analysis and approaches HL; or MATHS 1013.\n','MATHS 2107, STATS 1000, STATS 1004, STATS 1504, ECON 1008\n'),(199,'Statistical Modelling and Inference II','https://access.adelaide.edu.au/courses/search.asp?year=2024&m=r&subject=STATS&catalogue=2107',30,' 2107',1,'(MATHS 1004 or MATHS 1012) and (STATS 1000 or STATS 1004 or STATS 1005 or MATHS 2201 or MATHS 2107)\n',' '),(200,'Statistical Modelling III','https://access.adelaide.edu.au/courses/search.asp?year=2024&m=r&subject=STATS&catalogue=3001',30,' 3001',1,'STATS 2107 or (MATHS 2201 and MATHS 2202) or (MATHS 2106 and MATHS 2107)\n',' '),(201,'Mathematical Statistics III','https://access.adelaide.edu.au/courses/search.asp?year=2024&m=r&subject=STATS&catalogue=3006',30,' 3006',1,'(MATHS 1012 and STATS 2107) or (MATHS 2201 and MATHS 2202) or (MATHS 2106 and MATHS 2107)\n',' '),(202,'Data Science III','https://access.adelaide.edu.au/courses/search.asp?year=2024&m=r&subject=STATS&catalogue=3022',30,' 3022',1,'STATS 2107 or (MATHS 2201 and MATHS 2202) or (MATHS 2106 and MATHS 2107))\n',' '),(203,'Computational Bayesian Statistics III','https://access.adelaide.edu.au/courses/search.asp?year=2024&m=r&subject=STATS&catalogue=3023',30,' 3023',1,'MATHS 2103 or MATHS 2107 or STATS 2107\n',' '),(204,'Optimal Functions and Nanomechanics III','null',31,' 3022',0,' ',' '),(205,'Integration and Analysis III','https://access.adelaide.edu.au/courses/search.asp?year=2024&m=r&subject=PURE%20MTH&catalogue=3009',34,' 3009',1,'MATHS 2100\n',' '),(206,'Finite Geometry III','null',34,' 3024',0,' ',' '),(207,'Time Series III','null',30,' 3005',0,' ',' '),(208,'Modelling with Ordinary Differential Equations','https://access.adelaide.edu.au/courses/search.asp?year=2024&m=r&subject=APP%20MTH&catalogue=7035',31,' 7035',1,' ',' '),(209,'Applied Probability','https://access.adelaide.edu.au/courses/search.asp?year=2024&m=r&subject=APP%20MTH&catalogue=7065',31,' 7065',1,' ',' '),(210,'Optimisation','https://access.adelaide.edu.au/courses/search.asp?year=2024&m=r&subject=APP%20MTH&catalogue=7072',31,' 7072',1,' ',' '),(211,'Fluid Mechanics','https://access.adelaide.edu.au/courses/search.asp?year=2024&m=r&subject=APP%20MTH&catalogue=7075',31,' 7075',1,' ',' '),(212,'Partial Differential Equations and Waves','https://access.adelaide.edu.au/courses/search.asp?year=2024&m=r&subject=APP%20MTH&catalogue=7107',31,' 7107',1,' ',' '),(213,'Random Processes','https://access.adelaide.edu.au/courses/search.asp?year=2024&m=r&subject=APP%20MTH&catalogue=7056',31,' 7056',1,' ',' '),(214,'Financial Modelling: Tools & Techniques','https://access.adelaide.edu.au/courses/search.asp?year=2024&m=r&subject=MATHS&catalogue=7070',23,' 7070',1,' ',' '),(215,'Complex Analysis','https://access.adelaide.edu.au/courses/search.asp?year=2024&m=r&subject=PURE%20MTH&catalogue=7054',34,' 7054',1,' ',' '),(216,'Topology and Analysis','https://access.adelaide.edu.au/courses/search.asp?year=2024&m=r&subject=PURE%20MTH&catalogue=7055',34,' 7055',1,' ',' '),(217,'Groups and Rings','https://access.adelaide.edu.au/courses/search.asp?year=2024&m=r&subject=PURE%20MTH&catalogue=7059',34,' 7059',1,' ',' '),(218,'Integration and Analysis','https://access.adelaide.edu.au/courses/search.asp?year=2024&m=r&subject=PURE%20MTH&catalogue=7071',34,' 7071',1,' ',' '),(219,'Fields and Modules','null',34,' 7072',0,' ',' '),(220,'Data Science PG','https://access.adelaide.edu.au/courses/search.asp?year=2024&m=r&subject=STATS&catalogue=7022',30,' 7022',1,'MATHS 7027 and MATHS 7107\n',' '),(221,'Computational Bayesian Statistics PG','https://access.adelaide.edu.au/courses/search.asp?year=2024&m=r&subject=STATS&catalogue=7023',30,' 7023',1,' ',' '),(222,'Mathematical Statistics','https://access.adelaide.edu.au/courses/search.asp?year=2024&m=r&subject=STATS&catalogue=7059',30,' 7059',1,' ',' '),(223,'Pure Mathematics Topic B','https://access.adelaide.edu.au/courses/search.asp?year=2024&m=r&subject=PURE%20MTH&catalogue=7002',34,' 7002',1,' ',' '),(224,'Pure Mathematics Topic D','https://access.adelaide.edu.au/courses/search.asp?year=2024&m=r&subject=PURE%20MTH&catalogue=7023',34,' 7023',1,' ',' '),(225,'Pure Mathematics Topic A','https://access.adelaide.edu.au/courses/search.asp?year=2024&m=r&subject=PURE%20MTH&catalogue=7038',34,' 7038',1,' ',' '),(226,'Pure Mathematics Topic C','null',34,' 7047',0,' ',' '),(227,'Pure Mathematics Topic E','https://access.adelaide.edu.au/courses/search.asp?year=2024&m=r&subject=PURE%20MTH&catalogue=7066',34,' 7066',1,' ',' '),(228,'Pure Mathematics Topic F','null',34,' 7067',0,' ',' '),(229,'Statistics Topic B','null',30,' 7014',0,' ',' '),(230,'Statistics Topic F','null',30,' 7070',0,' ',' '),(231,'111111',NULL,22,'111111',1,'333','3333');
/*!40000 ALTER TABLE `course` ENABLE KEYS */;
UNLOCK TABLES;

--
-- Table structure for table `course_planner`
--

DROP TABLE IF EXISTS `course_planner`;
/*!40101 SET @saved_cs_client     = @@character_set_client */;
/*!40101 SET character_set_client = utf8 */;
CREATE TABLE `course_planner` (
  `id` int(11) NOT NULL AUTO_INCREMENT,
  `catalogue` varchar(10) DEFAULT NULL COMMENT '课程唯一编码',
  `catalogue_suffix` varchar(10) DEFAULT NULL COMMENT '课程编码后缀',
  `part` varchar(10) DEFAULT NULL COMMENT '课程名称分册',
  `degree_id` int(11) NOT NULL DEFAULT '0' COMMENT '学位编号',
  `units` int(11) NOT NULL DEFAULT '0',
  `term` varchar(20) DEFAULT NULL,
  `career` varchar(20) DEFAULT NULL,
  `link` varchar(255) DEFAULT NULL,
  `year` varchar(4) DEFAULT NULL,
  PRIMARY KEY (`id`)
) ENGINE=InnoDB DEFAULT CHARSET=utf8;
/*!40101 SET character_set_client = @saved_cs_client */;

--
-- Dumping data for table `course_planner`
--

LOCK TABLES `course_planner` WRITE;
/*!40000 ALTER TABLE `course_planner` DISABLE KEYS */;
/*!40000 ALTER TABLE `course_planner` ENABLE KEYS */;
UNLOCK TABLES;

--
-- Table structure for table `degree`
--

DROP TABLE IF EXISTS `degree`;
/*!40101 SET @saved_cs_client     = @@character_set_client */;
/*!40101 SET character_set_client = utf8 */;
CREATE TABLE `degree` (
  `degree_id` int(11) NOT NULL AUTO_INCREMENT,
  `program_code` varchar(50) NOT NULL DEFAULT '',
  `degree_name` varchar(45) DEFAULT NULL COMMENT '学位名称',
  `degree_level` int(11) NOT NULL DEFAULT '0',
  `link` varchar(255) DEFAULT NULL,
  PRIMARY KEY (`degree_id`)
) ENGINE=InnoDB AUTO_INCREMENT=15 DEFAULT CHARSET=utf8;
/*!40101 SET character_set_client = @saved_cs_client */;

--
-- Dumping data for table `degree`
--

LOCK TABLES `degree` WRITE;
/*!40000 ALTER TABLE `degree` DISABLE KEYS */;
INSERT INTO `degree` VALUES (1,'BCMSA','Computer Science (Advanced)',19,'https://calendar.adelaide.edu.au/aprcw/2024/bcmsa_bcmpscadv'),(2,'BIT','Information Technology',19,'https://calendar.adelaide.edu.au/aprcw/2024/bit_binftech'),(3,'','Technology (Defence Industries)',19,''),(4,'MAIML','Artificial Intelligence and Machine Learning',21,'https://calendar.adelaide.edu.au/aprcw/2024/maiml_maiml'),(5,'MCOMS','Computer Science',21,'https://calendar.adelaide.edu.au/aprcw/2024/mcoms_mcmpsci'),(6,'MCOMI','Computing and Innovation',21,'https://calendar.adelaide.edu.au/aprcw/2024/mcomi_mcompinnov'),(7,'MCSEC','Cyber Security',21,'https://calendar.adelaide.edu.au/aprcw/2024/mcsec_mcybsecu'),(8,'MDSCI','Data Science',21,'https://calendar.adelaide.edu.au/aprcw/2024/mdsci_mdatasci'),(9,'','Data Science',20,''),(10,'','Technology (Defence Industries)',20,''),(11,'BSCMS','Mathematical and Computer Sciences',19,'https://calendar.adelaide.edu.au/aprcw/2024/bscms_bscm%26cs'),(12,'BMASC','Mathematical Sciences',19,'https://calendar.adelaide.edu.au/aprcw/2024/bmasc_bmathsci'),(13,'BMSAD','Mathematical Sciences (Advanced)',19,'https://calendar.adelaide.edu.au/aprcw/2024/bmsad_bmathscadv'),(14,'MMSCI','Mathematical Sciences',21,'https://calendar.adelaide.edu.au/aprcw/2024/mmsci_mmasci');
/*!40000 ALTER TABLE `degree` ENABLE KEYS */;
UNLOCK TABLES;

--
-- Table structure for table `degree_course`
--

DROP TABLE IF EXISTS `degree_course`;
/*!40101 SET @saved_cs_client     = @@character_set_client */;
/*!40101 SET character_set_client = utf8 */;
CREATE TABLE `degree_course` (
  `id` int(11) NOT NULL AUTO_INCREMENT,
  `degree_id` int(20) NOT NULL,
  `catalogue` varchar(20) DEFAULT NULL,
  `link` varchar(255) DEFAULT NULL,
  `type` int(11) DEFAULT '0',
  `units` int(10) DEFAULT NULL,
  `year` int(10) DEFAULT NULL,
  PRIMARY KEY (`id`)
) ENGINE=InnoDB AUTO_INCREMENT=425 DEFAULT CHARSET=utf8mb4;
/*!40101 SET character_set_client = @saved_cs_client */;

--
-- Dumping data for table `degree_course`
--

LOCK TABLES `degree_course` WRITE;
/*!40000 ALTER TABLE `degree_course` DISABLE KEYS */;
INSERT INTO `degree_course` VALUES (1,1,'1102','https://access.adelaide.edu.au/courses/search.asp?year=2024&m=r&subject=COMP%20SCI&catalogue=1102',1,3,2024),(2,1,' 1104','',1,3,2024),(3,1,' 1106','https://access.adelaide.edu.au/courses/search.asp?year=2024&m=r&subject=COMP%20SCI&catalogue=1106',1,3,2024),(4,1,' 2000','https://access.adelaide.edu.au/courses/search.asp?year=2024&m=r&subject=COMP%20SCI&catalogue=2000',1,3,2024),(5,1,' 2008','https://access.adelaide.edu.au/courses/search.asp?year=2024&m=r&subject=COMP%20SCI&catalogue=2008',1,6,2024),(6,1,' 2103','https://access.adelaide.edu.au/courses/search.asp?year=2024&m=r&subject=COMP%20SCI&catalogue=2103',1,3,2024),(7,1,' 2201','https://access.adelaide.edu.au/courses/search.asp?year=2024&m=r&subject=COMP%20SCI&catalogue=2201',1,3,2024),(8,1,' 2207','https://access.adelaide.edu.au/courses/search.asp?year=2024&m=r&subject=COMP%20SCI&catalogue=2207',1,3,2024),(9,1,' 3004','https://access.adelaide.edu.au/courses/search.asp?year=2024&m=r&subject=COMP%20SCI&catalogue=3004',1,3,2024),(10,1,' 3020','https://access.adelaide.edu.au/courses/search.asp?year=2024&m=r&subject=COMP%20SCI&catalogue=3020',1,6,2024),(11,1,' 3006','https://access.adelaide.edu.au/courses/search.asp?year=2024&m=r&subject=COMP%20SCI&catalogue=3006',1,3,2024),(12,1,' 3310','https://access.adelaide.edu.au/courses/search.asp?year=2024&m=r&subject=COMP%20SCI&catalogue=3310',1,3,2024),(13,1,' 3311','https://access.adelaide.edu.au/courses/search.asp?year=2024&m=r&subject=COMP%20SCI&catalogue=3311',1,3,2024),(14,1,' 3312','https://access.adelaide.edu.au/courses/search.asp?year=2024&m=r&subject=COMP%20SCI&catalogue=3312',1,3,2024),(15,1,' 3313','https://access.adelaide.edu.au/courses/search.asp?year=2024&m=r&subject=COMP%20SCI&catalogue=3313',1,3,2024),(16,1,' 1004','https://access.adelaide.edu.au/courses/search.asp?year=2024&m=r&subject=MATHS&catalogue=1004',1,3,2024),(17,1,' 1012','https://access.adelaide.edu.au/courses/search.asp?year=2024&m=r&subject=MATHS&catalogue=1012',1,3,2024),(18,1,' 3025','https://access.adelaide.edu.au/courses/search.asp?year=2024&m=r&subject=MATHS&catalogue=3025',1,3,2024),(19,1,' 3901','https://access.adelaide.edu.au/courses/search.asp?year=2024&m=r&subject=ENTREP&catalogue=3901',1,3,2024),(20,1,' 1010','https://access.adelaide.edu.au/courses/search.asp?year=2024&m=r&subject=COMP%20SCI&catalogue=1010',2,3,2024),(21,1,' 2005','https://access.adelaide.edu.au/courses/search.asp?year=2024&m=r&subject=COMP%20SCI&catalogue=2005',2,3,2024),(22,1,' 2203','https://access.adelaide.edu.au/courses/search.asp?year=2024&m=r&subject=COMP%20SCI&catalogue=2203',2,3,2024),(23,1,' 3001','https://access.adelaide.edu.au/courses/search.asp?year=2024&m=r&subject=COMP%20SCI&catalogue=3001',2,3,2024),(24,1,' 3007','https://access.adelaide.edu.au/courses/search.asp?year=2024&m=r&subject=COMP%20SCI&catalogue=3007',2,3,2024),(25,1,' 3012','https://access.adelaide.edu.au/courses/search.asp?year=2024&m=r&subject=COMP%20SCI&catalogue=3012',2,3,2024),(26,1,' 3305','https://access.adelaide.edu.au/courses/search.asp?year=2024&m=r&subject=COMP%20SCI&catalogue=3305',2,3,2024),(27,1,' 3307','https://access.adelaide.edu.au/courses/search.asp?year=2024&m=r&subject=COMP%20SCI&catalogue=3307',2,3,2024),(28,1,' 3308','https://access.adelaide.edu.au/courses/search.asp?year=2024&m=r&subject=COMP%20SCI&catalogue=3308',2,3,2024),(29,1,' 3314','https://access.adelaide.edu.au/courses/search.asp?year=2024&m=r&subject=COMP%20SCI&catalogue=3314',2,3,2024),(30,1,' 3315','https://access.adelaide.edu.au/courses/search.asp?year=2024&m=r&subject=COMP%20SCI&catalogue=3315',2,3,2024),(31,1,' 3316','https://access.adelaide.edu.au/courses/search.asp?year=2024&m=r&subject=COMP%20SCI&catalogue=3316',2,3,2024),(32,1,' 3317','https://access.adelaide.edu.au/courses/search.asp?year=2024&m=r&subject=COMP%20SCI&catalogue=3317',2,3,2024),(33,1,' 3088','https://access.adelaide.edu.au/courses/search.asp?year=2024&m=r&subject=ELEC%20ENG&catalogue=3088',2,3,2024),(34,1,' 1002','https://access.adelaide.edu.au/courses/search.asp?year=2024&m=r&subject=ENG&catalogue=1002',2,3,2024),(35,1,' 1003','https://access.adelaide.edu.au/courses/search.asp?year=2024&m=r&subject=ENG&catalogue=1003',2,3,2024),(36,1,' 3700','',2,3,2024),(37,1,' 3710','',2,6,2024),(38,2,'1013','https://access.adelaide.edu.au/courses/search.asp?year=2024&m=r&subject=COMP%20SCI&catalogue=1013',1,3,2024),(39,2,' 1014','https://access.adelaide.edu.au/courses/search.asp?year=2024&m=r&subject=COMP%20SCI&catalogue=1014',1,3,2024),(40,2,' 1015','',1,3,2024),(41,2,' 2009','https://access.adelaide.edu.au/courses/search.asp?year=2024&m=r&subject=COMP%20SCI&catalogue=2009',1,3,2024),(42,2,' 2208','https://access.adelaide.edu.au/courses/search.asp?year=2024&m=r&subject=COMP%20SCI&catalogue=2208',1,3,2024),(43,2,' 1002','https://access.adelaide.edu.au/courses/search.asp?year=2024&m=r&subject=CORPFIN&catalogue=1002',1,3,2024),(44,2,' 1001','https://access.adelaide.edu.au/courses/search.asp?year=2024&m=r&subject=PROJMGNT&catalogue=1001',1,3,2024),(45,2,' 3004','https://access.adelaide.edu.au/courses/search.asp?year=2024&m=r&subject=ENG&catalogue=3004',1,3,2024),(46,2,' 1020','https://access.adelaide.edu.au/courses/search.asp?year=2024&m=r&subject=ENTREP&catalogue=1020',1,3,2024),(47,2,' 3901','https://access.adelaide.edu.au/courses/search.asp?year=2024&m=r&subject=ENTREP&catalogue=3901',1,3,2024),(48,2,' 3025','https://access.adelaide.edu.au/courses/search.asp?year=2024&m=r&subject=MATHS&catalogue=3025',1,3,2024),(49,2,' 3710','',2,6,2024),(50,3,'','',NULL,NULL,NULL),(51,4,' 7210','https://access.adelaide.edu.au/courses/search.asp?year=2024&m=r&subject=COMP%20SCI&catalogue=7210',1,3,2024),(52,4,'7211','https://access.adelaide.edu.au/courses/search.asp?year=2024&m=r&subject=COMP%20SCI&catalogue=7211',1,3,2024),(53,4,'7327','https://access.adelaide.edu.au/courses/search.asp?year=2024&m=r&subject=COMP%20SCI&catalogue=7327',1,3,2024),(54,4,'7027','https://access.adelaide.edu.au/courses/search.asp?year=2024&m=r&subject=MATHS&catalogue=7027',1,3,2024),(55,4,'7205A','',1,0,2024),(56,4,'7205B','',1,12,2024),(57,4,'7206A','https://access.adelaide.edu.au/courses/search.asp?year=2024&m=r&subject=COMP%20SCI&catalogue=7206A',1,0,2024),(58,4,'7206B','https://access.adelaide.edu.au/courses/search.asp?year=2024&m=r&subject=COMP%20SCI&catalogue=7206B',1,12,2024),(59,4,' 7059','',2,3,2024),(60,4,' 7212','',2,3,2024),(61,4,' 7314','',2,3,2024),(62,4,' 7315','',2,3,2024),(63,4,' 7317','https://access.adelaide.edu.au/courses/search.asp?year=2024&m=r&subject=COMP%20SCI&catalogue=7317',2,3,2024),(64,4,' 7318','https://access.adelaide.edu.au/courses/search.asp?year=2024&m=r&subject=COMP%20SCI&catalogue=7318',2,3,2024),(65,4,' 7416','https://access.adelaide.edu.au/courses/search.asp?year=2024&m=r&subject=COMP%20SCI&catalogue=7416',2,3,2024),(66,4,' 7417','https://access.adelaide.edu.au/courses/search.asp?year=2024&m=r&subject=COMP%20SCI&catalogue=7417',2,3,2024),(67,4,' 7005','https://access.adelaide.edu.au/courses/search.asp?year=2024&m=r&subject=PHIL&catalogue=7005',2,3,2024),(68,4,' 7111','https://access.adelaide.edu.au/courses/search.asp?year=2024&m=r&subject=STEM&catalogue=7111',2,6,2024),(69,4,' 7007','https://access.adelaide.edu.au/courses/search.asp?year=2024&m=r&subject=COMP%20SCI&catalogue=7007',2,3,2024),(70,4,' 7039','https://access.adelaide.edu.au/courses/search.asp?year=2024&m=r&subject=COMP%20SCI&catalogue=7039',2,3,2024),(71,4,' 7064','https://access.adelaide.edu.au/courses/search.asp?year=2024&m=r&subject=COMP%20SCI&catalogue=7064',2,3,2024),(72,4,' 7076','https://access.adelaide.edu.au/courses/search.asp?year=2024&m=r&subject=COMP%20SCI&catalogue=7076',2,3,2024),(73,4,' 7088','https://access.adelaide.edu.au/courses/search.asp?year=2024&m=r&subject=COMP%20SCI&catalogue=7088',2,3,2024),(74,4,' 7209','https://access.adelaide.edu.au/courses/search.asp?year=2024&m=r&subject=COMP%20SCI&catalogue=7209',2,3,2024),(75,4,' 7305','https://access.adelaide.edu.au/courses/search.asp?year=2024&m=r&subject=COMP%20SCI&catalogue=7305',2,3,2024),(76,4,' 7306','https://access.adelaide.edu.au/courses/search.asp?year=2024&m=r&subject=COMP%20SCI&catalogue=7306',2,3,2024),(77,4,' 7307','https://access.adelaide.edu.au/courses/search.asp?year=2024&m=r&subject=COMP%20SCI&catalogue=7307',2,3,2024),(78,4,' 7308','https://access.adelaide.edu.au/courses/search.asp?year=2024&m=r&subject=COMP%20SCI&catalogue=7308',2,3,2024),(79,4,' 7407','https://access.adelaide.edu.au/courses/search.asp?year=2024&m=r&subject=COMP%20SCI&catalogue=7407',2,3,2024),(80,4,' 7103','https://access.adelaide.edu.au/courses/search.asp?year=2024&m=r&subject=MATHS&catalogue=7103',2,3,2024),(81,4,' 7107','https://access.adelaide.edu.au/courses/search.asp?year=2024&m=r&subject=STATS&catalogue=7107',2,3,2024),(82,5,' 7007','https://access.adelaide.edu.au/courses/search.asp?year=2024&m=r&subject=COMP%20SCI&catalogue=7007',1,3,2024),(83,5,'7100A','https://access.adelaide.edu.au/courses/search.asp?year=2024&m=r&subject=COMP%20SCI&catalogue=7100A',1,0,2024),(84,5,'7100B','https://access.adelaide.edu.au/courses/search.asp?year=2024&m=r&subject=COMP%20SCI&catalogue=7100B',1,15,2024),(85,5,' 7092','https://access.adelaide.edu.au/courses/search.asp?year=2024&m=r&subject=COMP%20SCI&catalogue=7092',2,3,2024),(86,5,' 7412','https://access.adelaide.edu.au/courses/search.asp?year=2024&m=r&subject=COMP%20SCI&catalogue=7412',2,3,2024),(87,5,' 7317','https://access.adelaide.edu.au/courses/search.asp?year=2024&m=r&subject=COMP%20SCI&catalogue=7317',2,3,2024),(88,5,' 7314','https://access.adelaide.edu.au/courses/search.asp?year=2024&m=r&subject=COMP%20SCI&catalogue=7314',2,3,2024),(89,5,' 7092','https://access.adelaide.edu.au/courses/search.asp?year=2024&m=r&subject=COMP%20SCI&catalogue=7092',2,3,2024),(90,5,' 7000','',2,3,2024),(91,5,' 7023','https://access.adelaide.edu.au/courses/search.asp?year=2024&m=r&subject=COMP%20SCI&catalogue=7023',2,3,2024),(92,5,' 7092','',2,3,2024),(93,5,' 7209','',2,3,2024),(94,5,' 7306','',2,3,2024),(95,5,' 7318','',2,3,2024),(96,5,' 7407','',2,3,2024),(97,5,' 7408','',2,3,2024),(98,5,' 7409','',2,3,2024),(99,5,' 7411','',2,3,2024),(100,5,' 7412','',2,3,2024),(101,5,' 7413','',2,3,2024),(102,5,' 7416','https://access.adelaide.edu.au/courses/search.asp?year=2024&m=r&subject=COMP%20SCI&catalogue=7416',2,3,2024),(103,5,' 7417','https://access.adelaide.edu.au/courses/search.asp?year=2024&m=r&subject=COMP%20SCI&catalogue=7417',2,3,2024),(104,6,'7015','https://access.adelaide.edu.au/courses/search.asp?year=2024&m=r&subject=COMP%20SCI&catalogue=7015',1,3,2024),(105,6,'7039','https://access.adelaide.edu.au/courses/search.asp?year=2024&m=r&subject=COMP%20SCI&catalogue=7039',1,3,2024),(106,6,'7064','https://access.adelaide.edu.au/courses/search.asp?year=2024&m=r&subject=COMP%20SCI&catalogue=7064',1,3,2024),(107,6,'7081','https://access.adelaide.edu.au/courses/search.asp?year=2024&m=r&subject=COMP%20SCI&catalogue=7081',1,3,2024),(108,6,'7201','https://access.adelaide.edu.au/courses/search.asp?year=2024&m=r&subject=COMP%20SCI&catalogue=7201',1,3,2024),(109,6,'7210','https://access.adelaide.edu.au/courses/search.asp?year=2024&m=r&subject=COMP%20SCI&catalogue=7210',1,3,2024),(110,6,'7211','https://access.adelaide.edu.au/courses/search.asp?year=2024&m=r&subject=COMP%20SCI&catalogue=7211',1,3,2024),(111,6,'7022','https://access.adelaide.edu.au/courses/search.asp?year=2024&m=r&subject=ENTREP&catalogue=7022',1,3,2024),(112,6,'5021','https://access.adelaide.edu.au/courses/search.asp?year=2024&m=r&subject=PROJMGNT&catalogue=5021',1,3,2024),(113,6,'5036','https://access.adelaide.edu.au/courses/search.asp?year=2024&m=r&subject=ENTREP&catalogue=5036',1,3,2024),(114,6,'5038','https://access.adelaide.edu.au/courses/search.asp?year=2024&m=r&subject=ENTREP&catalogue=5038',1,3,2024),(115,6,'7098','https://access.adelaide.edu.au/courses/search.asp?year=2024&m=r&subject=COMP%20SCI&catalogue=7098',1,9,2024),(116,6,' 7306','https://access.adelaide.edu.au/courses/search.asp?year=2024&m=r&subject=COMP%20SCI&catalogue=7306',2,3,2024),(117,6,' 7314','https://access.adelaide.edu.au/courses/search.asp?year=2024&m=r&subject=COMP%20SCI&catalogue=7314',2,3,2024),(118,6,' 7059','https://access.adelaide.edu.au/courses/search.asp?year=2024&m=r&subject=COMP%20SCI&catalogue=7059',2,3,2024),(119,6,' 7076','https://access.adelaide.edu.au/courses/search.asp?year=2024&m=r&subject=COMP%20SCI&catalogue=7076',2,3,2024),(120,6,' 7106','https://access.adelaide.edu.au/courses/search.asp?year=2024&m=r&subject=COMP%20SCI&catalogue=7106',2,3,2024),(121,6,' 7207','https://access.adelaide.edu.au/courses/search.asp?year=2024&m=r&subject=COMP%20SCI&catalogue=7207',2,3,2024),(122,6,' 7305','https://access.adelaide.edu.au/courses/search.asp?year=2024&m=r&subject=COMP%20SCI&catalogue=7305',2,3,2024),(123,6,' 7306','https://access.adelaide.edu.au/courses/search.asp?year=2024&m=r&subject=COMP%20SCI&catalogue=7306',2,3,2024),(124,6,' 7307','https://access.adelaide.edu.au/courses/search.asp?year=2024&m=r&subject=COMP%20SCI&catalogue=7307',2,3,2024),(125,6,' 7308','https://access.adelaide.edu.au/courses/search.asp?year=2024&m=r&subject=COMP%20SCI&catalogue=7308',2,3,2024),(126,6,' 7314','https://access.adelaide.edu.au/courses/search.asp?year=2024&m=r&subject=COMP%20SCI&catalogue=7314',2,3,2024),(127,6,' 7315','https://access.adelaide.edu.au/courses/search.asp?year=2024&m=r&subject=COMP%20SCI&catalogue=7315',2,3,2024),(128,6,' 7316','https://access.adelaide.edu.au/courses/search.asp?year=2024&m=r&subject=COMP%20SCI&catalogue=7316',2,3,2024),(129,6,' 7111','https://access.adelaide.edu.au/courses/search.asp?year=2024&m=r&subject=STEM&catalogue=7111',2,6,2024),(130,6,' 7000','',2,3,2024),(131,6,' 7007','https://access.adelaide.edu.au/courses/search.asp?year=2024&m=r&subject=COMP%20SCI&catalogue=7007',2,3,2024),(132,6,' 7023','https://access.adelaide.edu.au/courses/search.asp?year=2024&m=r&subject=COMP%20SCI&catalogue=7023',2,3,2024),(133,6,' 7092','https://access.adelaide.edu.au/courses/search.asp?year=2024&m=r&subject=COMP%20SCI&catalogue=7092',2,3,2024),(134,6,' 7407','https://access.adelaide.edu.au/courses/search.asp?year=2024&m=r&subject=COMP%20SCI&catalogue=7407',2,3,2024),(135,6,' 7408','',2,3,2024),(136,6,' 7409','https://access.adelaide.edu.au/courses/search.asp?year=2024&m=r&subject=COMP%20SCI&catalogue=7409',2,3,2024),(137,6,' 7411','https://access.adelaide.edu.au/courses/search.asp?year=2024&m=r&subject=COMP%20SCI&catalogue=7411',2,3,2024),(138,6,' 7412','https://access.adelaide.edu.au/courses/search.asp?year=2024&m=r&subject=COMP%20SCI&catalogue=7412',2,3,2024),(139,6,' 7413','',2,3,2024),(140,6,' 7416','https://access.adelaide.edu.au/courses/search.asp?year=2024&m=r&subject=COMP%20SCI&catalogue=7416',2,3,2024),(141,6,' 7417','https://access.adelaide.edu.au/courses/search.asp?year=2024&m=r&subject=COMP%20SCI&catalogue=7417',2,3,2024),(142,6,' 7209','https://access.adelaide.edu.au/courses/search.asp?year=2024&m=r&subject=COMP%20SCI&catalogue=7209',2,3,2024),(143,6,' 7318','https://access.adelaide.edu.au/courses/search.asp?year=2024&m=r&subject=COMP%20SCI&catalogue=7318',2,3,2024),(144,6,' 7317','https://access.adelaide.edu.au/courses/search.asp?year=2024&m=r&subject=COMP%20SCI&catalogue=7317',2,3,2024),(145,7,'7210','https://access.adelaide.edu.au/courses/search.asp?year=2024&m=r&subject=COMP%20SCI&catalogue=7210',1,3,2024),(146,7,'7211','https://access.adelaide.edu.au/courses/search.asp?year=2024&m=r&subject=COMP%20SCI&catalogue=7211',1,3,2024),(147,7,'7328','https://access.adelaide.edu.au/courses/search.asp?year=2024&m=r&subject=COMP%20SCI&catalogue=7328',1,3,2024),(148,7,'7027','https://access.adelaide.edu.au/courses/search.asp?year=2024&m=r&subject=MATHS&catalogue=7027',1,3,2024),(149,7,'7107','https://access.adelaide.edu.au/courses/search.asp?year=2024&m=r&subject=MATHS&catalogue=7107',1,3,2024),(150,7,'7101A','https://access.adelaide.edu.au/courses/search.asp?year=2024&m=r&subject=COMP%20SCI&catalogue=7101A',1,0,2024),(151,7,'7101B','https://access.adelaide.edu.au/courses/search.asp?year=2024&m=r&subject=COMP%20SCI&catalogue=7101B',1,12,2024),(152,7,'7102A','https://access.adelaide.edu.au/courses/search.asp?year=2024&m=r&subject=COMP%20SCI&catalogue=7102A',1,0,2024),(153,7,'7102B','https://access.adelaide.edu.au/courses/search.asp?year=2024&m=r&subject=COMP%20SCI&catalogue=7102B',1,12,2024),(154,7,' 7023','',2,3,2024),(155,7,' 7025','',2,3,2024),(156,7,' 7026','',2,3,2024),(157,7,' 7081','https://access.adelaide.edu.au/courses/search.asp?year=2024&m=r&subject=COMP%20SCI&catalogue=7081',2,3,2024),(158,7,' 7106','https://access.adelaide.edu.au/courses/search.asp?year=2024&m=r&subject=COMP%20SCI&catalogue=7106',2,3,2024),(159,7,' 7212','https://access.adelaide.edu.au/courses/search.asp?year=2024&m=r&subject=COMP%20SCI&catalogue=7212',2,3,2024),(160,7,' 7307','https://access.adelaide.edu.au/courses/search.asp?year=2024&m=r&subject=COMP%20SCI&catalogue=7307',2,3,2024),(161,7,' 7308','https://access.adelaide.edu.au/courses/search.asp?year=2024&m=r&subject=COMP%20SCI&catalogue=7308',2,3,2024),(162,7,' 7412','https://access.adelaide.edu.au/courses/search.asp?year=2024&m=r&subject=COMP%20SCI&catalogue=7412',2,3,2024),(163,7,' 7026','https://access.adelaide.edu.au/courses/search.asp?year=2024&m=r&subject=MATHS&catalogue=7026',2,3,2024),(164,7,' 7111','https://access.adelaide.edu.au/courses/search.asp?year=2024&m=r&subject=STEM&catalogue=7111',2,6,2024),(165,7,' 7024','',2,3,2024),(166,7,' 7039','https://access.adelaide.edu.au/courses/search.asp?year=2024&m=r&subject=COMP%20SCI&catalogue=7039',2,3,2024),(167,7,' 7064','https://access.adelaide.edu.au/courses/search.asp?year=2024&m=r&subject=COMP%20SCI&catalogue=7064',2,3,2024),(168,7,' 7092','https://access.adelaide.edu.au/courses/search.asp?year=2024&m=r&subject=COMP%20SCI&catalogue=7092',2,3,2024),(169,7,' 7209','https://access.adelaide.edu.au/courses/search.asp?year=2024&m=r&subject=COMP%20SCI&catalogue=7209',2,3,2024),(170,7,' 7306','https://access.adelaide.edu.au/courses/search.asp?year=2024&m=r&subject=COMP%20SCI&catalogue=7306',2,3,2024),(171,7,' 7314','https://access.adelaide.edu.au/courses/search.asp?year=2024&m=r&subject=COMP%20SCI&catalogue=7314',2,3,2024),(172,7,' 7317','https://access.adelaide.edu.au/courses/search.asp?year=2024&m=r&subject=COMP%20SCI&catalogue=7317',2,3,2024),(173,7,' 7318','https://access.adelaide.edu.au/courses/search.asp?year=2024&m=r&subject=COMP%20SCI&catalogue=7318',2,3,2024),(174,7,' 7413','',2,3,2024),(175,7,' 7416','https://access.adelaide.edu.au/courses/search.asp?year=2024&m=r&subject=COMP%20SCI&catalogue=7416',2,3,2024),(176,7,' 7417','https://access.adelaide.edu.au/courses/search.asp?year=2024&m=r&subject=COMP%20SCI&catalogue=7417',2,3,2024),(177,7,' 7051','',2,3,2024),(178,7,' 7080','',2,3,2024),(179,7,' 7081','',2,3,2024),(180,7,' 7103','',2,3,2024),(181,7,' 7005','',2,3,2024),(182,7,' 7107','',2,3,2024),(183,8,'7210','https://access.adelaide.edu.au/courses/search.asp?year=2024&m=r&subject=COMP%20SCI&catalogue=7210',1,3,2024),(184,8,'7211','https://access.adelaide.edu.au/courses/search.asp?year=2024&m=r&subject=COMP%20SCI&catalogue=7211',1,3,2024),(185,8,'7027','https://access.adelaide.edu.au/courses/search.asp?year=2024&m=r&subject=MATHS&catalogue=7027',1,3,2024),(186,8,'7107','https://access.adelaide.edu.au/courses/search.asp?year=2024&m=r&subject=MATHS&catalogue=7107',1,3,2024),(187,8,'7022','https://access.adelaide.edu.au/courses/search.asp?year=2024&m=r&subject=STATS&catalogue=7022',1,3,2024),(188,8,'7097A','https://access.adelaide.edu.au/courses/search.asp?year=2024&m=r&subject=MATHS&catalogue=7097A',1,0,2024),(189,8,'7097B','https://access.adelaide.edu.au/courses/search.asp?year=2024&m=r&subject=MATHS&catalogue=7097B',1,12,2024),(190,8,' 7124','',2,3,2024),(191,8,' 7212','',2,3,2024),(192,8,' 7314','',2,3,2024),(193,8,' 7318','',2,3,2024),(194,8,' 7416','',2,3,2024),(195,8,' 7103','https://access.adelaide.edu.au/courses/search.asp?year=2024&m=r&subject=MATHS&catalogue=7103',2,3,2024),(196,8,' 7105','https://access.adelaide.edu.au/courses/search.asp?year=2024&m=r&subject=MATHS&catalogue=7105',2,3,2024),(197,8,' 7111','https://access.adelaide.edu.au/courses/search.asp?year=2024&m=r&subject=STEM&catalogue=7111',2,6,2024),(198,8,' 7007','https://access.adelaide.edu.au/courses/search.asp?year=2024&m=r&subject=COMP%20SCI&catalogue=7007',2,3,2024),(199,8,' 7059','https://access.adelaide.edu.au/courses/search.asp?year=2024&m=r&subject=COMP%20SCI&catalogue=7059',2,3,2024),(200,8,' 7076','https://access.adelaide.edu.au/courses/search.asp?year=2024&m=r&subject=COMP%20SCI&catalogue=7076',2,3,2024),(201,8,' 7088','https://access.adelaide.edu.au/courses/search.asp?year=2024&m=r&subject=COMP%20SCI&catalogue=7088',2,3,2024),(202,8,' 7201','https://access.adelaide.edu.au/courses/search.asp?year=2024&m=r&subject=COMP%20SCI&catalogue=7201',2,3,2024),(203,8,' 7208','',2,6,2024),(204,8,' 7209','https://access.adelaide.edu.au/courses/search.asp?year=2024&m=r&subject=COMP%20SCI&catalogue=7209',2,3,2024),(205,8,' 7305','https://access.adelaide.edu.au/courses/search.asp?year=2024&m=r&subject=COMP%20SCI&catalogue=7305',2,3,2024),(206,8,' 7306','https://access.adelaide.edu.au/courses/search.asp?year=2024&m=r&subject=COMP%20SCI&catalogue=7306',2,3,2024),(207,8,' 7317','https://access.adelaide.edu.au/courses/search.asp?year=2024&m=r&subject=COMP%20SCI&catalogue=7317',2,3,2024),(208,8,' 7407','https://access.adelaide.edu.au/courses/search.asp?year=2024&m=r&subject=COMP%20SCI&catalogue=7407',2,3,2024),(209,8,' 7416','https://access.adelaide.edu.au/courses/search.asp?year=2024&m=r&subject=COMP%20SCI&catalogue=7416',2,3,2024),(210,8,' 7417','https://access.adelaide.edu.au/courses/search.asp?year=2024&m=r&subject=COMP%20SCI&catalogue=7417',2,3,2024),(211,8,' 7005','',2,3,2024),(212,8,' 7054','',2,3,2024),(213,8,' 7107','',2,3,2024),(214,8,' 7044','',2,3,2024),(215,8,' 7045','',2,3,2024),(216,8,' 7048','',2,3,2024),(217,8,' 7049','',2,3,2024),(218,8,' 7087','',2,3,2024),(219,8,' 7088','',2,3,2024),(220,8,' 7026','',2,3,2024),(221,8,' 7004','',2,3,2024),(222,8,' 7008','',2,3,2024),(223,9,'','',NULL,NULL,NULL),(224,10,'','',NULL,NULL,NULL),(225,11,'1002','https://access.adelaide.edu.au/courses/search.asp?year=2024&m=r&subject=ENG&catalogue=1002',1,3,2024),(226,11,'3025','https://access.adelaide.edu.au/courses/search.asp?year=2024&m=r&subject=MATHS&catalogue=3025',1,3,2024),(227,11,'1004','https://access.adelaide.edu.au/courses/search.asp?year=2024&m=r&subject=MATHS&catalogue=1004',1,3,2024),(228,11,'1012','https://access.adelaide.edu.au/courses/search.asp?year=2024&m=r&subject=MATHS&catalogue=1012',1,3,2024),(229,11,'3006','https://access.adelaide.edu.au/courses/search.asp?year=2024&m=r&subject=COMP%20SCI&catalogue=3006',1,3,2024),(230,11,'3310','https://access.adelaide.edu.au/courses/search.asp?year=2024&m=r&subject=COMP%20SCI&catalogue=3310',1,3,2024),(231,11,'3311','https://access.adelaide.edu.au/courses/search.asp?year=2024&m=r&subject=COMP%20SCI&catalogue=3311',1,3,2024),(232,11,'3312','https://access.adelaide.edu.au/courses/search.asp?year=2024&m=r&subject=COMP%20SCI&catalogue=3312',1,3,2024),(233,11,'3313','https://access.adelaide.edu.au/courses/search.asp?year=2024&m=r&subject=COMP%20SCI&catalogue=3313',1,3,2024),(234,11,'3021','https://access.adelaide.edu.au/courses/search.asp?year=2024&m=r&subject=MATHS&catalogue=3021',1,3,2024),(235,11,' 2105','',2,3,2024),(236,11,' 3001','https://access.adelaide.edu.au/courses/search.asp?year=2024&m=r&subject=APP%20MTH&catalogue=3001',2,3,2024),(237,11,' 3002','https://access.adelaide.edu.au/courses/search.asp?year=2024&m=r&subject=APP%20MTH&catalogue=3002',2,3,2024),(238,11,' 3014','https://access.adelaide.edu.au/courses/search.asp?year=2024&m=r&subject=APP%20MTH&catalogue=3014',2,3,2024),(239,11,' 3016','https://access.adelaide.edu.au/courses/search.asp?year=2024&m=r&subject=APP%20MTH&catalogue=3016',2,3,2024),(240,11,' 3021','https://access.adelaide.edu.au/courses/search.asp?year=2024&m=r&subject=APP%20MTH&catalogue=3021',2,3,2024),(241,11,' 3023','https://access.adelaide.edu.au/courses/search.asp?year=2024&m=r&subject=APP%20MTH&catalogue=3023',2,3,2024),(242,11,' 3124','https://access.adelaide.edu.au/courses/search.asp?year=2024&m=r&subject=APP%20MTH&catalogue=3124',2,3,2024),(243,11,' 1010','https://access.adelaide.edu.au/courses/search.asp?year=2024&m=r&subject=COMP%20SCI&catalogue=1010',2,3,2024),(244,11,' 1102','https://access.adelaide.edu.au/courses/search.asp?year=2024&m=r&subject=COMP%20SCI&catalogue=1102',2,3,2024),(245,11,' 1106','https://access.adelaide.edu.au/courses/search.asp?year=2024&m=r&subject=COMP%20SCI&catalogue=1106',2,3,2024),(246,11,' 2000','https://access.adelaide.edu.au/courses/search.asp?year=2024&m=r&subject=COMP%20SCI&catalogue=2000',2,3,2024),(247,11,' 2005','https://access.adelaide.edu.au/courses/search.asp?year=2024&m=r&subject=COMP%20SCI&catalogue=2005',2,3,2024),(248,11,' 2103','',2,3,2024),(249,11,' 2201','',2,3,2024),(250,11,' 2203','',2,3,2024),(251,11,' 2207','',2,3,2024),(252,11,' 3001','',2,3,2024),(253,11,' 3004','',2,3,2024),(254,11,' 3006','',2,3,2024),(255,11,' 3007','',2,3,2024),(256,11,' 3012','',2,3,2024),(257,11,' 3302','',2,3,2024),(258,11,' 3305','',2,3,2024),(259,11,' 3307','',2,3,2024),(260,11,' 3308','',2,3,2024),(261,11,' 3310','',2,3,2024),(262,11,' 3311','',2,3,2024),(263,11,' 3312','',2,3,2024),(264,11,' 3313','',2,3,2024),(265,11,' 3314','',2,3,2024),(266,11,' 3315','https://access.adelaide.edu.au/courses/search.asp?year=2024&m=r&subject=COMP%20SCI&catalogue=3315',2,3,2024),(267,11,' 3316','',2,3,2024),(268,11,' 3317','',2,3,2024),(269,11,' 3088','',2,3,2024),(270,11,' 3700','',2,3,2024),(271,11,' 3710','',2,6,2024),(272,11,' 1005','',2,3,2024),(273,11,' 1006','',2,3,2024),(274,11,' 1011','',2,3,2024),(275,11,' 1013','https://access.adelaide.edu.au/courses/search.asp?year=2024&m=r&subject=MATHS&catalogue=1013',2,3,2024),(276,11,' 2100','',2,3,2024),(277,11,' 2101','',2,3,2024),(278,11,' 2102','https://access.adelaide.edu.au/courses/search.asp?year=2024&m=r&subject=MATHS&catalogue=2102',2,3,2024),(279,11,' 2103','https://access.adelaide.edu.au/courses/search.asp?year=2024&m=r&subject=MATHS&catalogue=2103',2,3,2024),(280,11,' 2104','https://access.adelaide.edu.au/courses/search.asp?year=2024&m=r&subject=MATHS&catalogue=2104',2,3,2024),(281,11,' 3012','https://access.adelaide.edu.au/courses/search.asp?year=2024&m=r&subject=MATHS&catalogue=3012',2,3,2024),(282,11,' 3021','https://access.adelaide.edu.au/courses/search.asp?year=2024&m=r&subject=MATHS&catalogue=3021',2,3,2024),(283,11,' 3026','https://access.adelaide.edu.au/courses/search.asp?year=2024&m=r&subject=MATHS&catalogue=3026',2,3,2024),(284,11,' 3700','https://access.adelaide.edu.au/courses/search.asp?year=2024&m=r&subject=STEM&catalogue=3700',2,3,2024),(285,11,' 3710','https://access.adelaide.edu.au/courses/search.asp?year=2024&m=r&subject=STEM&catalogue=3710',2,6,2024),(286,11,' 2106','https://access.adelaide.edu.au/courses/search.asp?year=2024&m=r&subject=PURE%20MTH&catalogue=2106',2,3,2024),(287,11,' 3002','https://access.adelaide.edu.au/courses/search.asp?year=2024&m=r&subject=PURE%20MTH&catalogue=3002',2,3,2024),(288,11,' 3007','https://access.adelaide.edu.au/courses/search.asp?year=2024&m=r&subject=PURE%20MTH&catalogue=3007',2,3,2024),(289,11,' 3019','https://access.adelaide.edu.au/courses/search.asp?year=2024&m=r&subject=PURE%20MTH&catalogue=3019',2,3,2024),(290,11,' 3022','',2,3,2024),(291,11,' 3023','',2,3,2024),(292,11,' 1000','https://access.adelaide.edu.au/courses/search.asp?year=2024&m=r&subject=STATS&catalogue=1000',2,3,2024),(293,11,' 1005','https://access.adelaide.edu.au/courses/search.asp?year=2024&m=r&subject=STATS&catalogue=1005',2,3,2024),(294,11,' 2107','https://access.adelaide.edu.au/courses/search.asp?year=2024&m=r&subject=STATS&catalogue=2107',2,3,2024),(295,11,' 3001','https://access.adelaide.edu.au/courses/search.asp?year=2024&m=r&subject=STATS&catalogue=3001',2,3,2024),(296,11,' 3006','https://access.adelaide.edu.au/courses/search.asp?year=2024&m=r&subject=STATS&catalogue=3006',2,3,2024),(297,11,' 3022','https://access.adelaide.edu.au/courses/search.asp?year=2024&m=r&subject=STATS&catalogue=3022',2,3,2024),(298,11,' 3023','https://access.adelaide.edu.au/courses/search.asp?year=2024&m=r&subject=STATS&catalogue=3023',2,3,2024),(299,12,'1002','https://access.adelaide.edu.au/courses/search.asp?year=2024&m=r&subject=ENG&catalogue=1002',1,3,2024),(300,12,'1011','https://access.adelaide.edu.au/courses/search.asp?year=2024&m=r&subject=MATHS&catalogue=1011',1,3,2024),(301,12,'1012','https://access.adelaide.edu.au/courses/search.asp?year=2024&m=r&subject=MATHS&catalogue=1012',1,3,2024),(302,12,'2100','https://access.adelaide.edu.au/courses/search.asp?year=2024&m=r&subject=MATHS&catalogue=2100',1,3,2024),(303,12,'2101','https://access.adelaide.edu.au/courses/search.asp?year=2024&m=r&subject=MATHS&catalogue=2101',1,3,2024),(304,12,'2102','https://access.adelaide.edu.au/courses/search.asp?year=2024&m=r&subject=MATHS&catalogue=2102',1,3,2024),(305,12,'2103','https://access.adelaide.edu.au/courses/search.asp?year=2024&m=r&subject=MATHS&catalogue=2103',1,3,2024),(306,12,'3025','https://access.adelaide.edu.au/courses/search.asp?year=2024&m=r&subject=MATHS&catalogue=3025',1,3,2024),(307,12,'1005','https://access.adelaide.edu.au/courses/search.asp?year=2024&m=r&subject=STATS&catalogue=1005',1,3,2024),(308,12,'2107','https://access.adelaide.edu.au/courses/search.asp?year=2024&m=r&subject=STATS&catalogue=2107',1,3,2024),(309,12,'3021','https://access.adelaide.edu.au/courses/search.asp?year=2024&m=r&subject=MATHS&catalogue=3021',1,3,2024),(310,12,' 2105','',2,3,2024),(311,12,' 3001','https://access.adelaide.edu.au/courses/search.asp?year=2024&m=r&subject=APP%20MTH&catalogue=3001',2,3,2024),(312,12,' 3002','https://access.adelaide.edu.au/courses/search.asp?year=2024&m=r&subject=APP%20MTH&catalogue=3002',2,3,2024),(313,12,' 3014','https://access.adelaide.edu.au/courses/search.asp?year=2024&m=r&subject=APP%20MTH&catalogue=3014',2,3,2024),(314,12,' 3016','https://access.adelaide.edu.au/courses/search.asp?year=2024&m=r&subject=APP%20MTH&catalogue=3016',2,3,2024),(315,12,' 3021','https://access.adelaide.edu.au/courses/search.asp?year=2024&m=r&subject=APP%20MTH&catalogue=3021',2,3,2024),(316,12,' 3022','',2,3,2024),(317,12,' 3023','https://access.adelaide.edu.au/courses/search.asp?year=2024&m=r&subject=APP%20MTH&catalogue=3023',2,3,2024),(318,12,' 3124','https://access.adelaide.edu.au/courses/search.asp?year=2024&m=r&subject=APP%20MTH&catalogue=3124',2,3,2024),(319,12,' 1005','https://access.adelaide.edu.au/courses/search.asp?year=2024&m=r&subject=MATHS&catalogue=1005',2,3,2024),(320,12,' 1006','https://access.adelaide.edu.au/courses/search.asp?year=2024&m=r&subject=MATHS&catalogue=1006',2,3,2024),(321,12,' 2104','https://access.adelaide.edu.au/courses/search.asp?year=2024&m=r&subject=MATHS&catalogue=2104',2,3,2024),(322,12,' 3012','https://access.adelaide.edu.au/courses/search.asp?year=2024&m=r&subject=MATHS&catalogue=3012',2,3,2024),(323,12,' 3026','https://access.adelaide.edu.au/courses/search.asp?year=2024&m=r&subject=MATHS&catalogue=3026',2,3,2024),(324,12,' 2106','https://access.adelaide.edu.au/courses/search.asp?year=2024&m=r&subject=PURE%20MTH&catalogue=2106',2,3,2024),(325,12,' 3002','https://access.adelaide.edu.au/courses/search.asp?year=2024&m=r&subject=PURE%20MTH&catalogue=3002',2,3,2024),(326,12,' 3007','https://access.adelaide.edu.au/courses/search.asp?year=2024&m=r&subject=PURE%20MTH&catalogue=3007',2,3,2024),(327,12,' 3009','https://access.adelaide.edu.au/courses/search.asp?year=2024&m=r&subject=PURE%20MTH&catalogue=3009',2,3,2024),(328,12,' 3019','https://access.adelaide.edu.au/courses/search.asp?year=2024&m=r&subject=PURE%20MTH&catalogue=3019',2,3,2024),(329,12,' 3022','',2,3,2024),(330,12,' 3023','',2,3,2024),(331,12,' 3024','',2,3,2024),(332,12,' 3001','https://access.adelaide.edu.au/courses/search.asp?year=2024&m=r&subject=STATS&catalogue=3001',2,3,2024),(333,12,' 3005','',2,3,2024),(334,12,' 3006','https://access.adelaide.edu.au/courses/search.asp?year=2024&m=r&subject=STATS&catalogue=3006',2,3,2024),(335,12,' 3022','https://access.adelaide.edu.au/courses/search.asp?year=2024&m=r&subject=STATS&catalogue=3022',2,3,2024),(336,12,' 3023','https://access.adelaide.edu.au/courses/search.asp?year=2024&m=r&subject=STATS&catalogue=3023',2,3,2024),(337,13,'1002','https://access.adelaide.edu.au/courses/search.asp?year=2024&m=r&subject=ENG&catalogue=1002',1,3,2024),(338,13,'1011','https://access.adelaide.edu.au/courses/search.asp?year=2024&m=r&subject=MATHS&catalogue=1011',1,3,2024),(339,13,'1012','https://access.adelaide.edu.au/courses/search.asp?year=2024&m=r&subject=MATHS&catalogue=1012',1,3,2024),(340,13,'1015','https://access.adelaide.edu.au/courses/search.asp?year=2024&m=r&subject=MATHS&catalogue=1015',1,3,2024),(341,13,'2100','https://access.adelaide.edu.au/courses/search.asp?year=2024&m=r&subject=MATHS&catalogue=2100',1,3,2024),(342,13,'2101','https://access.adelaide.edu.au/courses/search.asp?year=2024&m=r&subject=MATHS&catalogue=2101',1,3,2024),(343,13,'2102','https://access.adelaide.edu.au/courses/search.asp?year=2024&m=r&subject=MATHS&catalogue=2102',1,3,2024),(344,13,'2103','https://access.adelaide.edu.au/courses/search.asp?year=2024&m=r&subject=MATHS&catalogue=2103',1,3,2024),(345,13,'2203','https://access.adelaide.edu.au/courses/search.asp?year=2024&m=r&subject=MATHS&catalogue=2203',1,3,2024),(346,13,'3020','https://access.adelaide.edu.au/courses/search.asp?year=2024&m=r&subject=MATHS&catalogue=3020',1,3,2024),(347,13,'3025','https://access.adelaide.edu.au/courses/search.asp?year=2024&m=r&subject=MATHS&catalogue=3025',1,3,2024),(348,13,'1005','https://access.adelaide.edu.au/courses/search.asp?year=2024&m=r&subject=STATS&catalogue=1005',1,3,2024),(349,13,'2107','https://access.adelaide.edu.au/courses/search.asp?year=2024&m=r&subject=STATS&catalogue=2107',1,3,2024),(350,13,' 2105','',2,3,2024),(351,13,' 3001','https://access.adelaide.edu.au/courses/search.asp?year=2024&m=r&subject=APP%20MTH&catalogue=3001',2,3,2024),(352,13,' 3002','https://access.adelaide.edu.au/courses/search.asp?year=2024&m=r&subject=APP%20MTH&catalogue=3002',2,3,2024),(353,13,' 3014','https://access.adelaide.edu.au/courses/search.asp?year=2024&m=r&subject=APP%20MTH&catalogue=3014',2,3,2024),(354,13,' 3016','https://access.adelaide.edu.au/courses/search.asp?year=2024&m=r&subject=APP%20MTH&catalogue=3016',2,3,2024),(355,13,' 3021','https://access.adelaide.edu.au/courses/search.asp?year=2024&m=r&subject=APP%20MTH&catalogue=3021',2,3,2024),(356,13,' 3023','https://access.adelaide.edu.au/courses/search.asp?year=2024&m=r&subject=APP%20MTH&catalogue=3023',2,3,2024),(357,13,' 3124','https://access.adelaide.edu.au/courses/search.asp?year=2024&m=r&subject=APP%20MTH&catalogue=3124',2,3,2024),(358,13,' 1005','https://access.adelaide.edu.au/courses/search.asp?year=2024&m=r&subject=MATHS&catalogue=1005',2,3,2024),(359,13,' 1006','https://access.adelaide.edu.au/courses/search.asp?year=2024&m=r&subject=MATHS&catalogue=1006',2,3,2024),(360,13,' 2104','https://access.adelaide.edu.au/courses/search.asp?year=2024&m=r&subject=MATHS&catalogue=2104',2,3,2024),(361,13,' 3012','https://access.adelaide.edu.au/courses/search.asp?year=2024&m=r&subject=MATHS&catalogue=3012',2,3,2024),(362,13,' 3026','https://access.adelaide.edu.au/courses/search.asp?year=2024&m=r&subject=MATHS&catalogue=3026',2,3,2024),(363,13,' 2106','https://access.adelaide.edu.au/courses/search.asp?year=2024&m=r&subject=PURE%20MTH&catalogue=2106',2,3,2024),(364,13,' 3002','https://access.adelaide.edu.au/courses/search.asp?year=2024&m=r&subject=PURE%20MTH&catalogue=3002',2,3,2024),(365,13,' 3007','https://access.adelaide.edu.au/courses/search.asp?year=2024&m=r&subject=PURE%20MTH&catalogue=3007',2,3,2024),(366,13,' 3009','https://access.adelaide.edu.au/courses/search.asp?year=2024&m=r&subject=PURE%20MTH&catalogue=3009',2,3,2024),(367,13,' 3019','https://access.adelaide.edu.au/courses/search.asp?year=2024&m=r&subject=PURE%20MTH&catalogue=3019',2,3,2024),(368,13,' 3022','',2,3,2024),(369,13,' 3023','',2,3,2024),(370,13,' 3024','',2,3,2024),(371,13,' 3001','https://access.adelaide.edu.au/courses/search.asp?year=2024&m=r&subject=STATS&catalogue=3001',2,3,2024),(372,13,' 3006','https://access.adelaide.edu.au/courses/search.asp?year=2024&m=r&subject=STATS&catalogue=3006',2,3,2024),(373,13,' 3022','https://access.adelaide.edu.au/courses/search.asp?year=2024&m=r&subject=STATS&catalogue=3022',2,3,2024),(374,13,' 3023','https://access.adelaide.edu.au/courses/search.asp?year=2024&m=r&subject=STATS&catalogue=3023',2,3,2024),(375,14,'7300A','https://access.adelaide.edu.au/courses/search.asp?year=2023&m=r&subject=APP%20MTH&catalogue=7300A',1,0,2024),(376,14,'7300B','https://access.adelaide.edu.au/courses/search.asp?year=2023&m=r&subject=APP%20MTH&catalogue=7300B',1,0,2024),(377,14,'7300C','https://access.adelaide.edu.au/courses/search.asp?year=2023&m=r&subject=APP%20MTH&catalogue=7300C',1,0,2024),(378,14,'7300D','https://access.adelaide.edu.au/courses/search.asp?year=2023&m=r&subject=APP%20MTH&catalogue=7300D',1,12,2024),(379,14,'7300A','https://access.adelaide.edu.au/courses/search.asp?year=2023&m=r&subject=MATHS&catalogue=7300A',1,0,2024),(380,14,'7300B','https://access.adelaide.edu.au/courses/search.asp?year=2023&m=r&subject=MATHS&catalogue=7300B',1,0,2024),(381,14,'7300C','https://access.adelaide.edu.au/courses/search.asp?year=2024&m=r&subject=MATHS&catalogue=7300C',1,0,2024),(382,14,'7300D','https://access.adelaide.edu.au/courses/search.asp?year=2023&m=r&subject=MATHS&catalogue=7300D',1,12,2024),(383,14,'7300A','https://access.adelaide.edu.au/courses/search.asp?year=2023&m=r&subject=PURE%20MTH&catalogue=7300A',1,0,2024),(384,14,'7300B','https://access.adelaide.edu.au/courses/search.asp?year=2024&m=r&subject=PURE%20MTH&catalogue=7300B',1,0,2024),(385,14,'7300C','https://access.adelaide.edu.au/courses/search.asp?year=2024&m=r&subject=PURE%20MTH&catalogue=7300C',1,0,2024),(386,14,'7300D','https://access.adelaide.edu.au/courses/search.asp?year=2024&m=r&subject=PURE%20MTH&catalogue=7300D',1,12,2024),(387,14,'7300A','https://access.adelaide.edu.au/courses/search.asp?year=2024&m=r&subject=STATS&catalogue=7300A',1,0,2024),(388,14,'7300B','https://access.adelaide.edu.au/courses/search.asp?year=2023&m=r&subject=STATS&catalogue=7300B',1,0,2024),(389,14,'7300C','https://access.adelaide.edu.au/courses/search.asp?year=2024&m=r&subject=STATS&catalogue=7300C',1,0,2024),(390,14,'7300D','https://access.adelaide.edu.au/courses/search.asp?year=2024&m=r&subject=STATS&catalogue=7300D',1,12,2024),(391,14,' 7035','https://access.adelaide.edu.au/courses/search.asp?year=2024&m=r&subject=APP%20MTH&catalogue=7035',2,3,2024),(392,14,' 7065','https://access.adelaide.edu.au/courses/search.asp?year=2024&m=r&subject=APP%20MTH&catalogue=7065',2,3,2024),(393,14,' 7072','https://access.adelaide.edu.au/courses/search.asp?year=2024&m=r&subject=APP%20MTH&catalogue=7072',2,3,2024),(394,14,' 7075','https://access.adelaide.edu.au/courses/search.asp?year=2024&m=r&subject=APP%20MTH&catalogue=7075',2,3,2024),(395,14,' 7107','https://access.adelaide.edu.au/courses/search.asp?year=2024&m=r&subject=APP%20MTH&catalogue=7107',2,3,2024),(396,14,' 7056','https://access.adelaide.edu.au/courses/search.asp?year=2024&m=r&subject=APP%20MTH&catalogue=7056',2,3,2024),(397,14,' 7124','https://access.adelaide.edu.au/courses/search.asp?year=2024&m=r&subject=APP%20MTH&catalogue=7124',2,3,2024),(398,14,' 7026','https://access.adelaide.edu.au/courses/search.asp?year=2024&m=r&subject=MATHS&catalogue=7026',2,3,2024),(399,14,' 7070','https://access.adelaide.edu.au/courses/search.asp?year=2024&m=r&subject=MATHS&catalogue=7070',2,3,2024),(400,14,' 7054','https://access.adelaide.edu.au/courses/search.asp?year=2024&m=r&subject=PURE%20MTH&catalogue=7054',2,3,2024),(401,14,' 7055','https://access.adelaide.edu.au/courses/search.asp?year=2024&m=r&subject=PURE%20MTH&catalogue=7055',2,3,2024),(402,14,' 7059','https://access.adelaide.edu.au/courses/search.asp?year=2024&m=r&subject=PURE%20MTH&catalogue=7059',2,3,2024),(403,14,' 7071','https://access.adelaide.edu.au/courses/search.asp?year=2024&m=r&subject=PURE%20MTH&catalogue=7071',2,3,2024),(404,14,' 7072','',2,3,2024),(405,14,' 7022','https://access.adelaide.edu.au/courses/search.asp?year=2024&m=r&subject=STATS&catalogue=7022',2,3,2024),(406,14,' 7023','https://access.adelaide.edu.au/courses/search.asp?year=2024&m=r&subject=STATS&catalogue=7023',2,3,2024),(407,14,' 7054','https://access.adelaide.edu.au/courses/search.asp?year=2024&m=r&subject=STATS&catalogue=7054',2,3,2024),(408,14,' 7059','https://access.adelaide.edu.au/courses/search.asp?year=2024&m=r&subject=STATS&catalogue=7059',2,3,2024),(409,14,' 7044','',2,3,2024),(410,14,' 7045','https://access.adelaide.edu.au/courses/search.asp?year=2024&m=r&subject=APP%20MTH&catalogue=7045',2,3,2024),(411,14,' 7048','https://access.adelaide.edu.au/courses/search.asp?year=2024&m=r&subject=APP%20MTH&catalogue=7048',2,3,2024),(412,14,' 7049','https://access.adelaide.edu.au/courses/search.asp?year=2024&m=r&subject=APP%20MTH&catalogue=7049',2,3,2024),(413,14,' 7087','https://access.adelaide.edu.au/courses/search.asp?year=2024&m=r&subject=APP%20MTH&catalogue=7087',2,3,2024),(414,14,' 7088','https://access.adelaide.edu.au/courses/search.asp?year=2024&m=r&subject=APP%20MTH&catalogue=7088',2,3,2024),(415,14,' 7002','https://access.adelaide.edu.au/courses/search.asp?year=2024&m=r&subject=PURE%20MTH&catalogue=7002',2,3,2024),(416,14,' 7023','https://access.adelaide.edu.au/courses/search.asp?year=2024&m=r&subject=PURE%20MTH&catalogue=7023',2,3,2024),(417,14,' 7038','https://access.adelaide.edu.au/courses/search.asp?year=2024&m=r&subject=PURE%20MTH&catalogue=7038',2,3,2024),(418,14,' 7047','',2,3,2024),(419,14,' 7066','https://access.adelaide.edu.au/courses/search.asp?year=2024&m=r&subject=PURE%20MTH&catalogue=7066',2,3,2024),(420,14,' 7067','',2,3,2024),(421,14,' 7004','https://access.adelaide.edu.au/courses/search.asp?year=2024&m=r&subject=STATS&catalogue=7004',2,3,2024),(422,14,' 7008','https://access.adelaide.edu.au/courses/search.asp?year=2024&m=r&subject=STATS&catalogue=7008',2,3,2024),(423,14,' 7014','',2,3,2024),(424,14,' 7070','',2,3,2024);
/*!40000 ALTER TABLE `degree_course` ENABLE KEYS */;
UNLOCK TABLES;

--
-- Table structure for table `option_code`
--

DROP TABLE IF EXISTS `option_code`;
/*!40101 SET @saved_cs_client     = @@character_set_client */;
/*!40101 SET character_set_client = utf8 */;
CREATE TABLE `option_code` (
  `id` int(11) NOT NULL AUTO_INCREMENT,
  `code_index` int(11) NOT NULL DEFAULT '0',
  `code_value` varchar(50) DEFAULT NULL,
  `code_desc` varchar(50) DEFAULT NULL,
  `code_type` varchar(20) DEFAULT NULL,
  PRIMARY KEY (`id`)
) ENGINE=InnoDB AUTO_INCREMENT=47 DEFAULT CHARSET=utf8 COMMENT='选项编码信息表';
/*!40101 SET character_set_client = @saved_cs_client */;

--
-- Dumping data for table `option_code`
--

LOCK TABLES `option_code` WRITE;
/*!40000 ALTER TABLE `option_code` DISABLE KEYS */;
INSERT INTO `option_code` VALUES (16,1,'Core',NULL,'course type'),(17,2,'Elective',NULL,'course type'),(18,3,'Major',NULL,'course type'),(19,1,'Bachelor of',NULL,'degree type'),(20,2,'Undergraduate Certificate in',NULL,'degree type'),(21,3,'Master of',NULL,'degree type'),(22,1,'COMP SCI',NULL,'subject area'),(23,2,'MATHS',NULL,'subject area'),(24,3,'ENG',NULL,'subject area'),(25,4,'ENTREP',NULL,'subject area'),(26,5,'TECH',NULL,'subject area'),(27,6,'COLL',NULL,'subject area'),(28,7,'PROJMGNT',NULL,'subject area'),(29,8,'PHIL',NULL,'subject area'),(30,9,'STATS',NULL,'subject area'),(31,10,'APP MTH',NULL,'subject area'),(32,11,'APP DATA',NULL,'subject area'),(33,12,'MECH ENG',NULL,'subject area'),(34,13,'PURE MTH',NULL,'subject area'),(35,14,'STEM',NULL,'subject area'),(36,15,'ELEC ENG',NULL,'subject area'),(37,16,'CORPFIN',NULL,'subject area'),(38,17,'COMMGMT',NULL,'subject area'),(39,18,' Summer School',NULL,'term area'),(40,19,' Semester 1',NULL,'term area'),(41,20,' Winter School',NULL,'term area'),(42,21,' Semester 2',NULL,'term area'),(43,22,'Trimester 1',NULL,'term area'),(44,23,'Trimester 2',NULL,'term area'),(45,24,'Trimester 3',NULL,'term area'),(46,25,'Term 4',NULL,'term area');
/*!40000 ALTER TABLE `option_code` ENABLE KEYS */;
UNLOCK TABLES;

--
-- Table structure for table `pre_requisite`
--

DROP TABLE IF EXISTS `pre_requisite`;
/*!40101 SET @saved_cs_client     = @@character_set_client */;
/*!40101 SET character_set_client = utf8 */;
CREATE TABLE `pre_requisite` (
  `id` int(11) NOT NULL AUTO_INCREMENT,
  `course_plan_id` int(11) NOT NULL DEFAULT '0' COMMENT '课程安排id',
  `course_id` int(11) NOT NULL DEFAULT '0' COMMENT '前置课程id',
  `description` varchar(200) DEFAULT NULL,
  PRIMARY KEY (`id`)
) ENGINE=InnoDB DEFAULT CHARSET=utf8;
/*!40101 SET character_set_client = @saved_cs_client */;

--
-- Dumping data for table `pre_requisite`
--

LOCK TABLES `pre_requisite` WRITE;
/*!40000 ALTER TABLE `pre_requisite` DISABLE KEYS */;
/*!40000 ALTER TABLE `pre_requisite` ENABLE KEYS */;
UNLOCK TABLES;

--
-- Table structure for table `pre_requisite_incompatible`
--

DROP TABLE IF EXISTS `pre_requisite_incompatible`;
/*!40101 SET @saved_cs_client     = @@character_set_client */;
/*!40101 SET character_set_client = utf8 */;
CREATE TABLE `pre_requisite_incompatible` (
  `id` int(11) NOT NULL AUTO_INCREMENT,
  `type` int(11) NOT NULL DEFAULT '0' COMMENT '课程安排id',
  `course_id` int(11) NOT NULL DEFAULT '0' COMMENT '前置课程id',
  `pre_requisite_incompatible_description` varchar(255) DEFAULT NULL,
  PRIMARY KEY (`id`)
) ENGINE=InnoDB AUTO_INCREMENT=461 DEFAULT CHARSET=utf8;
/*!40101 SET character_set_client = @saved_cs_client */;

--
-- Dumping data for table `pre_requisite_incompatible`
--

LOCK TABLES `pre_requisite_incompatible` WRITE;
/*!40000 ALTER TABLE `pre_requisite_incompatible` DISABLE KEYS */;
INSERT INTO `pre_requisite_incompatible` VALUES (1,1,1,NULL),(2,1,2,NULL),(3,1,3,NULL),(4,1,4,'One of COMP SCI 1102, COMP SCI 1202, COMP SCI 2202 or COMP SCI 2202B or (Both of COMP SCI 1015 and COMP SCI 1013)\n'),(5,1,5,'COMP SCI 1104\n'),(6,1,6,'COMP SCI 1102\n'),(7,1,7,'One of COMP SCI 1103, COMP SCI 1203, COMP SCI 2103, COMP SCI 2202 or COMP SCI 2202B\n'),(8,1,8,'COMP SCI 1102, COMP SCI 1202, COMP SCI 2009, COMP SCI 2202 or (COMP SCI 1013 and COMP SCI 1015)\n'),(9,1,9,'One of COMP SCI 2103, COMP SCI 2202, COMP SCI 2009 or COMP SCI 2202B\n'),(10,1,10,'COMP SCI 2008\n'),(11,1,11,'One of COMP SCI 1103, COMP SCI 1203, COMP SCI 2103, COMP SCI 2202 or COMP SCI 2202B\n'),(12,1,12,'One of COMP SCI 1103, COMP SCI 1203, COMP SCI 2103, COMP SCI 2202 or COMP SCI 2202B\n'),(13,1,13,'One of COMP SCI 1103, COMP SCI 1203, COMP SCI 2103, COMP SCI 2202 or COMP SCI 2202B\n'),(14,1,14,'One of COMP SCI 1103, COMP SCI 1203, COMP SCI 2103, COMP SCI 2202 or COMP SCI 2202B\n'),(15,1,15,'One of COMP SCI 1103, COMP SCI 1203, COMP SCI 2103, COMP SCI 2202 or COMP SCI 2202B\n'),(16,1,16,'At least a C- in SACE Stage 2 Mathematical Methods or IB Mathematics: at least 3 in Applications and Interpretations HL; or 4 in Analysis and Approaches SL\n'),(17,1,17,'MATHS 1011\n'),(18,1,18,'COMP SCI 1102, COMP SCI 2009, MATHS 1004 or MATHS 1012\n'),(19,1,19,NULL),(20,1,20,NULL),(21,1,21,NULL),(22,1,22,NULL),(23,1,23,'COMP SCI 1015\n'),(24,1,24,'COMP SCI 1015 or COMP SCI 1102\n'),(25,1,25,NULL),(26,1,26,NULL),(27,1,27,'At least 48 units at Levels I and II of the Program\n'),(28,1,28,NULL),(29,1,29,NULL),(30,1,30,'COMP SCI 7210; Master of Computing and Innovation students are permitted to enrol into COMP SCI 7210 and COMP SCI 7211 concurrently\n'),(31,1,31,NULL),(32,1,32,NULL),(33,1,33,NULL),(34,1,34,NULL),(35,1,35,NULL),(36,1,36,'COMP SCI 7206A\n'),(37,1,37,NULL),(38,1,38,'COMP SCI 7007\n'),(39,1,39,'COMP SCI 7100A\n'),(40,1,40,'COMP SCI 7103, COMP SCI 7202, (COMP SCI 7210 and COMP SCI 7211), COMP SCI 7202B or COMP SCI 7208\n'),(41,1,41,'COMP SCI 7082 or COMP SCI 7201\n'),(42,1,42,'COMP SCI 7103, COMP SCI 7202, COMP SCI 7202B, COMP SCI 7208 or COMP SCI 7211\n'),(43,1,43,'(COMP SCI 7103 or COMP SCI 7202 or COMP SCI 7202B or COMP SCI 7208) or (COMP SCI 7210 and COMP SCI 7211)\n'),(44,1,44,'COMP SCI 7103, COMP SCI 7202, (COMP SCI 7210 and COMP SCI 7211), COMP SCI 7202B or COMP SCI 7208\n'),(45,1,45,NULL),(46,1,46,NULL),(47,1,47,NULL),(48,1,48,NULL),(49,1,49,NULL),(50,1,50,NULL),(51,1,51,NULL),(52,1,52,NULL),(53,1,53,'COMP SCI 7308 or COMP SCI 7307\n'),(54,1,54,'COMP SCI 7101A\n'),(55,1,55,'COMP SCI 7308 or COMP SCI 7307\n'),(56,1,56,'COMP SCI 7102A\n'),(57,1,57,NULL),(58,1,58,'MATHS 7027 and COMP SCI 7211 and MATHS 7107\n'),(59,1,59,'MATHS 7097A\n'),(60,1,60,NULL),(61,1,61,'COMP SCI 1102, COMP SCI 2009, MATHS 1004 or MATHS 1012\n'),(62,1,62,'At least a C- in SACE Stage 2 Mathematical Methods or IB Mathematics: at least 3 in Applications and Interpretations HL; or 4 in Analysis and Approaches SL\n'),(63,1,63,'MATHS 1011\n'),(64,1,64,'One of COMP SCI 1103, COMP SCI 1203, COMP SCI 2103, COMP SCI 2202 or COMP SCI 2202B\n'),(65,1,65,'One of COMP SCI 1103, COMP SCI 1203, COMP SCI 2103, COMP SCI 2202 or COMP SCI 2202B\n'),(66,1,66,'One of COMP SCI 1103, COMP SCI 1203, COMP SCI 2103, COMP SCI 2202 or COMP SCI 2202B\n'),(67,1,67,'One of COMP SCI 1103, COMP SCI 1203, COMP SCI 2103, COMP SCI 2202 or COMP SCI 2202B\n'),(68,1,68,'One of COMP SCI 1103, COMP SCI 1203, COMP SCI 2103, COMP SCI 2202 or COMP SCI 2202B\n'),(69,1,69,'9 units of Mathematical Sciences at Level II or higher\n'),(70,1,70,'At least a C- in both SACE Stage 2 Mathematical Methods and SACE Stage 2 Specialist Mathematics; or at least 3 in IB Mathematics: analysis and approaches HL; or MATHS 1013.\n'),(71,1,71,'MATHS 1012\n'),(72,1,72,'MATHS 1012\n'),(73,1,73,'MATHS 1012\n'),(74,1,74,'MATHS 1012 or MATHS 1004\n'),(75,1,75,'At least a C- in both SACE Stage 2 Mathematical Methods and SACE Stage 2 Specialist Mathematics; or at least 3 in IB Mathematics: analysis and approaches HL; or MATHS 1013.\n'),(76,1,76,'(MATHS 1004 or MATHS 1012) and (STATS 1000 or STATS 1004 or STATS 1005 or MATHS 2201 or MATHS 2107)\n'),(77,1,77,NULL),(78,1,78,'MATHS 1012 and MATHS 1015\n'),(79,1,79,'MATHS 2203\n'),(80,1,80,NULL),(81,1,81,NULL),(82,1,82,NULL),(83,1,83,NULL),(84,1,84,NULL),(85,1,85,NULL),(86,1,86,NULL),(87,1,87,NULL),(88,1,88,NULL),(89,1,89,NULL),(90,1,90,NULL),(91,1,91,NULL),(92,1,92,NULL),(93,1,93,NULL),(94,1,94,NULL),(95,1,95,NULL),(96,1,96,NULL),(97,1,97,'One of COMP SCI 1102, COMP SCI 1202, COMP SCI 2202, COMP SCI 2009 or COMP SCI 2202B\n'),(98,1,98,'One of COMP SCI 1103, COMP SCI 1203, COMP SCI 2103, COMP SCI 2202, COMP SCI 2009 or COMP SCI 2202B\n'),(99,1,99,'(COMP SCI 2009 and COMP SCI 2208) or COMP SCI 2103\n'),(100,1,100,'One of COMP SCI 1103, COMP SCI 1203, COMP SCI 2009, COMP SCI 2103, COMP SCI 2202 or COMP SCI 2202B\n'),(101,1,101,'One of COMP SCI 1103, COMP SCI 1203, COMP SCI 2103, COMP SCI 2202, COMP SCI 2009 or COMP SCI 2202B\n'),(102,1,102,'One of COMP SCI 1103, COMP SCI 1203, COMP SCI 2103, COMP SCI 2202, COMP SCI 2009 or COMP SCI 2202B\n'),(103,1,103,'One of COMP SCI 1103, COMP SCI 1203, COMP SCI 2103, COMP SCI 2202, COMP SCI 2202B or COMP SCI 2009\n'),(104,1,104,'One of COMP SCI 1103, COMP SCI 1203, COMP SCI 2009, COMP SCI 2103, COMP SCI 2202 or COMP SCI 2202B\n'),(105,1,105,'COMP SCI 2201 or COMP SCI 2009\n'),(106,1,106,'COMP SCI 2009 or COMP SCI 2103\n'),(107,1,107,'One of COMP SCI 1103, COMP SCI 1203, COMP SCI 2009, COMP SCI 2103, COMP SCI 2202 or COMP SCI 2202B\n'),(108,1,108,'COMP SCI 2009 or COMP SCI 2103 or COMP SCI 2202\n'),(109,1,109,'COMP SCI 2103 or COMP SCI 2202\n'),(110,1,110,NULL),(111,1,111,NULL),(112,1,112,NULL),(113,1,113,NULL),(114,1,114,NULL),(115,1,115,NULL),(116,1,116,NULL),(117,1,117,NULL),(118,1,118,'COMP SCI 7202 or (COMP SCI 7210 and COMP SCI 7211); M. Computer Science students are exempted from this pre-req requirement\n'),(119,1,119,'COMP SCI 7202 or (COMP SCI 7210 and COMP SCI 7211)\n'),(120,1,120,NULL),(121,1,121,'(COMP SCI 7210 and COMP SCI 7211) or COMP SCI 7201\n'),(122,1,122,NULL),(123,1,123,NULL),(124,1,124,'COMP SCI 7082 or COMP SCI 7201\n'),(125,1,125,'COMP SCI 7103, COMP SCI 7202, COMP SCI 7202B, COMP SCI 7208 or COMP SCI 7211\n'),(126,1,126,'COMP SCI 7103, COMP SCI 7202, COMP SCI 7202B, COMP SCI 7208 or COMP SCI 7211; M Computer Science only exempted from Pre-requisite\n'),(127,1,127,'COMP SCI 7103, COMP SCI 7202, COMP SCI 7202B, COMP SCI 7208 or COMP SCI 7211\n'),(128,1,128,NULL),(129,1,129,'COMP SCI 7103, COMP SCI 7202, COMP SCI 7202B, COMP SCI 7208 or COMP SCI 7211\n'),(130,1,130,'COMP SCI 7201; Master Computer Science students are exempted from this pre-requisite requirement\n'),(131,1,131,'COMP SCI 7103, COMP SCI 7202, COMP SCI 7202B, COMP SCI 7208 or COMP SCI 7211\n'),(132,1,132,'COMP SCI 7103, COMP SCI 7202, COMP SCI 7202B, COMP SCI 7208 or COMP SCI 7211\n'),(133,1,133,'COMP SCI 7201; M Computer Science students are exempted from this pre-requisite requirement.\n'),(134,1,134,'MATHS 7027\n'),(135,1,135,'MATHS 7027\n'),(136,1,136,'COMP SCI 7007, COMP SCI 7076 and COMP SCI 7411\n'),(137,1,137,NULL),(138,1,138,NULL),(139,1,139,'COMP SCI 7007\n'),(140,1,140,NULL),(141,1,141,NULL),(142,1,142,NULL),(143,1,143,NULL),(144,1,144,NULL),(145,1,145,NULL),(146,1,146,NULL),(147,1,147,NULL),(148,1,148,NULL),(149,1,149,NULL),(150,1,150,'(COMP SCI 7103 or COMP SCI 7202 or COMP SCI 7202B or COMP SCI 7208) or (COMP SCI 7210 and COMP SCI 7211)\n'),(151,1,151,'MATHS 7027\n'),(152,1,152,NULL),(153,1,153,NULL),(154,1,154,NULL),(155,1,155,NULL),(156,1,156,NULL),(157,1,157,NULL),(158,1,158,'COMP SCI 7103, COMP SCI 7202, (COMP SCI 7210 and COMP SCI 7211), COMP SCI 7202B or COMP SCI 7208\n'),(159,1,159,NULL),(160,1,160,NULL),(161,1,161,NULL),(162,1,162,NULL),(163,1,163,NULL),(164,1,164,NULL),(165,1,165,NULL),(166,1,166,NULL),(167,1,167,NULL),(168,1,168,NULL),(169,1,169,NULL),(170,1,170,'(MATHS 1012 and MATHS 2103) or (MATHS 2201 and MATHS 2202) or (MATHS 2106 and MATHS 2107)\n'),(171,1,171,'(MATHS 2102 or MATHS 2106 or MATHS 2201) and (MATHS 2101 or MATHS 2202 or ELEC ENG 2106)\n'),(172,1,172,'MATHS 1012\n'),(173,1,173,'(MATHS 1012 and MATHS 2103) or (MATHS 2201 and MATHS 2202) or (MATHS 2106 and MATHS 2107)\n'),(174,1,174,'MATHS 2102 or MATHS 2106 or MATHS 2201\n'),(175,1,175,'MATHS 2102 or MATHS 2106 or MATHS 2201\n'),(176,1,176,'(MATHS 1012 or MATHS 1004) and (MATHS 2103 or MATHS 2107)\n'),(177,1,177,NULL),(178,1,178,NULL),(179,1,179,NULL),(180,1,180,NULL),(181,1,181,NULL),(182,1,182,'At least a C- in SACE Stage 2 Mathematical Methods; or IB Mathematics: at least 3 in applications and interpretations HL, or 4 in analysis and approaches SL\n'),(183,1,183,NULL),(184,1,184,NULL),(185,1,185,'MATHS 1012\n'),(186,1,186,'MATHS 1012 or MATHS 1004\n'),(187,1,187,'MATHS 1012 and (COMP SCI 1012 or COMP SCI 1101 or COMP SCI 1102 or COMP SCI 1201 or ENG 1002 or ENG 1003 or MECH ENG 1100 or MECH ENG 1102 or MECH ENG 1103 or MECH ENG 1104 or MECH ENG 1105 or C&ENVENG 1012).\n'),(188,1,188,'MATHS 1010 or MATHS 1011 or ECON 1010\n'),(189,1,189,'9 units of Mathematical Sciences at Level II or higher\n'),(190,1,190,'MATHS 1004 or MATHS 1008 or MATHS 1011 or MATHS 1013\n'),(191,1,191,'MATHS 1012\n'),(192,1,192,'MATHS 2100\n'),(193,1,193,'MATHS 1012\n'),(194,1,194,'MATHS 2100 or MATHS 2101 or MATHS 2202 or ELEC ENG 2106\n'),(195,1,195,NULL),(196,1,196,NULL),(197,1,197,NULL),(198,1,198,'At least a C- in both SACE Stage 2 Mathematical Methods and SACE Stage 2 Specialist Mathematics; or at least 3 in IB Mathematics: analysis and approaches HL; or MATHS 1013.\n'),(199,1,199,'(MATHS 1004 or MATHS 1012) and (STATS 1000 or STATS 1004 or STATS 1005 or MATHS 2201 or MATHS 2107)\n'),(200,1,200,'STATS 2107 or (MATHS 2201 and MATHS 2202) or (MATHS 2106 and MATHS 2107)\n'),(201,1,201,'(MATHS 1012 and STATS 2107) or (MATHS 2201 and MATHS 2202) or (MATHS 2106 and MATHS 2107)\n'),(202,1,202,'STATS 2107 or (MATHS 2201 and MATHS 2202) or (MATHS 2106 and MATHS 2107))\n'),(203,1,203,'MATHS 2103 or MATHS 2107 or STATS 2107\n'),(204,1,204,NULL),(205,1,205,'MATHS 2100\n'),(206,1,206,NULL),(207,1,207,NULL),(208,1,208,NULL),(209,1,209,NULL),(210,1,210,NULL),(211,1,211,NULL),(212,1,212,NULL),(213,1,213,NULL),(214,1,214,NULL),(215,1,215,NULL),(216,1,216,NULL),(217,1,217,NULL),(218,1,218,NULL),(219,1,219,NULL),(220,1,220,'MATHS 7027 and MATHS 7107\n'),(221,1,221,NULL),(222,1,222,NULL),(223,1,223,NULL),(224,1,224,NULL),(225,1,225,NULL),(226,1,226,NULL),(227,1,227,NULL),(228,1,228,NULL),(229,1,229,NULL),(230,1,230,NULL),(231,2,1,'COMP SCI 2009, COMP SCI 1202, COMP SCI 2202, COMP SCI 2202B'),(232,2,2,NULL),(233,2,3,'COMP SCI 2006'),(234,2,4,NULL),(235,2,5,NULL),(236,2,6,'COMP SCI 1103, COMP SCI 2202, COMP SCI 2202B\n'),(237,2,7,'COMP SCI 2004\n'),(238,2,8,'COMP SCI 1003, COMP SCI 1105, COMP SCI 2002\n'),(239,2,9,NULL),(240,2,10,NULL),(241,2,11,'COMP SCI 3015B, COMP SCI 3018, COMP SCI 3303, COMP SCI 3304, COMP SCI 3310, COMP SCI 3311, COMP SCI 3312, COMP SCI 3313\n'),(242,2,12,'COMP SCI 3006, COMP SCI 3015B, COMP SCI 3018, COMP SCI 3303, COMP SCI 3304, COMP SCI 3311, COMP SCI 3312, COMP SCI 3313\n'),(243,2,13,'COMP SCI 3006, COMP SCI 3015B, COMP SCI 3018, COMP SCI 3303, COMP SCI 3304, COMP SCI 3310, COMP SCI 3312, COMP SCI 3313\n'),(244,2,14,'COMP SCI 3006, COMP SCI 3015B, COMP SCI 3018, COMP SCI 3303, COMP SCI 3304, COMP SCI 3310, COMP SCI 3311, COMP SCI 3313\n'),(245,2,15,'COMP SCI 3006, COMP SCI 3015B, COMP SCI 3018, COMP SCI 3303, COMP SCI 3304, COMP SCI 3310, COMP SCI 3311, COMP SCI 3312\n'),(246,2,16,'MATHS 1008, MATHS 1010, MATHS 1012\n'),(247,2,17,'ECON 1005, ECON 1010, MATHS 1004, MATHS 1009, MATHS 1010\n'),(248,2,18,'MATHS 3015, PROF 3883\n'),(249,2,19,NULL),(250,2,20,NULL),(251,2,21,NULL),(252,2,22,NULL),(253,2,23,'COMP SCI 1102, COMP SCI 1202, COMP SCI 2202, COMP SCI 2202B\n'),(254,2,24,NULL),(255,2,25,NULL),(256,2,26,NULL),(257,2,27,'ELEC ENG 3100, MECH ENG 3027, MECH ENG 3105\n'),(258,2,28,NULL),(259,2,29,'COMP SCI 7202, COMP SCI 7208, COMP SCI 7103\n'),(260,2,30,'COMP SCI 7202, COMP SCI 7208, COMP SCI 7103\n'),(261,2,31,'COMP SCI 3007\n'),(262,2,32,NULL),(263,2,33,NULL),(264,2,34,NULL),(265,2,35,NULL),(266,2,36,NULL),(267,2,37,NULL),(268,2,38,'COMP SCI 7099A\n'),(269,2,39,'COMP SCI 7099B\n'),(270,2,40,NULL),(271,2,41,NULL),(272,2,42,NULL),(273,2,43,NULL),(274,2,44,'COMP SCI 7082\n'),(275,2,45,'COMP SCI 7202, COMP SCI 7208, COMP SCI 7103\n'),(276,2,46,NULL),(277,2,47,NULL),(278,2,48,'ENTREP 5016, TECHCOMM 5016, ENTREP 5036UAC\n'),(279,2,49,'ENTREP 5018, TECHCOMM 5018\n'),(280,2,50,NULL),(281,2,51,NULL),(282,2,52,NULL),(283,2,53,NULL),(284,2,54,NULL),(285,2,55,NULL),(286,2,56,NULL),(287,2,57,NULL),(288,2,58,NULL),(289,2,59,NULL),(290,2,60,'ENG 1003, COMP SCI 1012, COMP SCI 1015, COMP SCI 1101, COMP SCI 1201, CHEM ENG 1011, C&ENVENG 1012\n'),(291,2,61,'MATHS 3015, PROF 3883\n'),(292,2,62,'MATHS 1008, MATHS 1010, MATHS 1012\n'),(293,2,63,'ECON 1005, ECON 1010, MATHS 1004, MATHS 1009, MATHS 1010\n'),(294,2,64,NULL),(295,2,65,'COMP SCI 3006, COMP SCI 3015B, COMP SCI 3018, COMP SCI 3303, COMP SCI 3304, COMP SCI 3311, COMP SCI 3312, COMP SCI 3313\n'),(296,2,66,'COMP SCI 3006, COMP SCI 3015B, COMP SCI 3018, COMP SCI 3303, COMP SCI 3304, COMP SCI 3310, COMP SCI 3312, COMP SCI 3313\n'),(297,2,67,'COMP SCI 3006, COMP SCI 3015B, COMP SCI 3018, COMP SCI 3303, COMP SCI 3304, COMP SCI 3310, COMP SCI 3311, COMP SCI 3313\n'),(298,2,68,'COMP SCI 3006, COMP SCI 3015B, COMP SCI 3018, COMP SCI 3303, COMP SCI 3304, COMP SCI 3310, COMP SCI 3311, COMP SCI 3312\n'),(299,2,69,'MATHS 3020\n'),(300,2,70,'At least B in both SACE Stage 2 Mathematical Methods and SACE Stage 2 Specialist Mathematics. Students who have not achieved this standard are strongly advised to take MATHS 1013 before attempting MATHS 1011.\n'),(301,2,71,NULL),(302,2,72,'MATHS 2202, ELEC ENG 2106\n'),(303,2,73,'MATHS 2201, MATHS 2106\n'),(304,2,74,NULL),(305,2,75,'MATHS 2107, STATS 1000, STATS 1004, STATS 1504, ECON 1008\n'),(306,2,76,NULL),(307,2,77,NULL),(308,2,78,NULL),(309,2,79,'MATHS 3021\n'),(310,2,80,NULL),(311,2,81,NULL),(312,2,82,NULL),(313,2,83,NULL),(314,2,84,NULL),(315,2,85,NULL),(316,2,86,NULL),(317,2,87,NULL),(318,2,88,NULL),(319,2,89,NULL),(320,2,90,NULL),(321,2,91,NULL),(322,2,92,NULL),(323,2,93,NULL),(324,2,94,NULL),(325,2,95,NULL),(326,2,96,NULL),(327,2,97,NULL),(328,2,98,NULL),(329,2,99,NULL),(330,2,100,NULL),(331,2,101,NULL),(332,2,102,NULL),(333,2,103,'COMP SCI 4406, COMP SCI 4806\n'),(334,2,104,NULL),(335,2,105,'COMP SCI 4401, COMP SCI 4801\n'),(336,2,106,'COMP SCI 4022, COMP SCI 4122\n'),(337,2,107,'COMP SCI 4095, COMP SCI 4195\n'),(338,2,108,NULL),(339,2,109,'COMP SCI 3005\n'),(340,2,110,'ENG 1003, COMP SCI 1012, COMP SCI 1015, COMP SCI 1101, COMP SCI 1201, CHEM ENG 1011, C&ENVENG 1012\n'),(341,2,111,'ENG 1002, COMP SCI 1012, COMP SCI 1015, COMP SCI 1101, COMP SCI 1201, CHEM ENG 1011 or C&ENVENG 1012\n'),(342,2,112,NULL),(343,2,113,NULL),(344,2,114,NULL),(345,2,115,NULL),(346,2,116,NULL),(347,2,117,NULL),(348,2,118,NULL),(349,2,119,NULL),(350,2,120,NULL),(351,2,121,NULL),(352,2,122,NULL),(353,2,123,'STEM 7555, ABLEINT 7001, ABLEINT 7002, BUSINESS 7002, ARCH 7036, ENG 7110, ENG 7111, LARCH 7030, SCIENCE 7555, PROF 7500, PROF 7502, PROF 7505, PROF 7506, PROF 7507, CONMGNT 7700\n'),(354,2,124,NULL),(355,2,125,NULL),(356,2,126,NULL),(357,2,127,NULL),(358,2,128,NULL),(359,2,129,NULL),(360,2,130,'COMP SCI 7403\n'),(361,2,131,'COMP SCI 7406\n'),(362,2,132,'COMP SCI 7088\n'),(363,2,133,'COMP SCI 7301\n'),(364,2,134,NULL),(365,2,135,NULL),(366,2,136,NULL),(367,2,137,'COMP SCI 4412, COMP SCI 4812\n'),(368,2,138,NULL),(369,2,139,NULL),(370,2,140,NULL),(371,2,141,NULL),(372,2,142,NULL),(373,2,143,NULL),(374,2,144,NULL),(375,2,145,NULL),(376,2,146,NULL),(377,2,147,NULL),(378,2,148,NULL),(379,2,149,NULL),(380,2,150,NULL),(381,2,151,NULL),(382,2,152,NULL),(383,2,153,NULL),(384,2,154,NULL),(385,2,155,NULL),(386,2,156,NULL),(387,2,157,NULL),(388,2,158,'COMP SCI 7082\n'),(389,2,159,NULL),(390,2,160,NULL),(391,2,161,NULL),(392,2,162,NULL),(393,2,163,NULL),(394,2,164,NULL),(395,2,165,NULL),(396,2,166,NULL),(397,2,167,NULL),(398,2,168,NULL),(399,2,169,NULL),(400,2,170,NULL),(401,2,171,NULL),(402,2,172,NULL),(403,2,173,NULL),(404,2,174,NULL),(405,2,175,NULL),(406,2,176,NULL),(407,2,177,'COMP SCI 2009, COMP SCI 1202, COMP SCI 2202, COMP SCI 2202B\n'),(408,2,178,NULL),(409,2,179,NULL),(410,2,180,NULL),(411,2,181,NULL),(412,2,182,'ECON 1005, ECON 1010, MATHS 1009, MATHS 1010\n'),(413,2,183,NULL),(414,2,184,NULL),(415,2,185,'MATHS 2201, MATHS 2106\n'),(416,2,186,NULL),(417,2,187,'MATHS 2107\n'),(418,2,188,NULL),(419,2,189,'MATHS 3020\n'),(420,2,190,NULL),(421,2,191,NULL),(422,2,192,NULL),(423,2,193,NULL),(424,2,194,NULL),(425,2,195,NULL),(426,2,196,NULL),(427,2,197,'MATHS 2107, STATS 1004, STATS 1005, ECON 1008, STATS 1504\n'),(428,2,198,'MATHS 2107, STATS 1000, STATS 1004, STATS 1504, ECON 1008\n'),(429,2,199,NULL),(430,2,200,NULL),(431,2,201,NULL),(432,2,202,NULL),(433,2,203,NULL),(434,2,204,NULL),(435,2,205,NULL),(436,2,206,NULL),(437,2,207,NULL),(438,2,208,NULL),(439,2,209,NULL),(440,2,210,NULL),(441,2,211,NULL),(442,2,212,NULL),(443,2,213,NULL),(444,2,214,NULL),(445,2,215,NULL),(446,2,216,NULL),(447,2,217,NULL),(448,2,218,NULL),(449,2,219,NULL),(450,2,220,NULL),(451,2,221,NULL),(452,2,222,NULL),(453,2,223,NULL),(454,2,224,NULL),(455,2,225,NULL),(456,2,226,NULL),(457,2,227,NULL),(458,2,228,NULL),(459,2,229,NULL),(460,2,230,NULL);
/*!40000 ALTER TABLE `pre_requisite_incompatible` ENABLE KEYS */;
UNLOCK TABLES;

--
-- Table structure for table `study_plan`
--

DROP TABLE IF EXISTS `study_plan`;
/*!40101 SET @saved_cs_client     = @@character_set_client */;
/*!40101 SET character_set_client = utf8 */;
CREATE TABLE `study_plan` (
  `id` int(11) NOT NULL AUTO_INCREMENT,
  `course_id` int(11) DEFAULT NULL,
  `year` varchar(20) DEFAULT NULL,
  `term` varchar(20) DEFAULT NULL,
  `serial_number` int(5) DEFAULT NULL,
  PRIMARY KEY (`id`)
) ENGINE=InnoDB AUTO_INCREMENT=7 DEFAULT CHARSET=utf8mb4;
/*!40101 SET character_set_client = @saved_cs_client */;

--
-- Dumping data for table `study_plan`
--

LOCK TABLES `study_plan` WRITE;
/*!40000 ALTER TABLE `study_plan` DISABLE KEYS */;
INSERT INTO `study_plan` VALUES (1,6,'Year1','Term1',NULL),(2,7,'Year1','Term2',NULL),(3,10,'Year1','Term3',NULL),(4,25,'Year2','Term1',NULL),(5,26,'Year2','Term2',NULL),(6,1,'Year1','Term1',NULL);
/*!40000 ALTER TABLE `study_plan` ENABLE KEYS */;
UNLOCK TABLES;

--
-- Table structure for table `users`
--

DROP TABLE IF EXISTS `users`;
/*!40101 SET @saved_cs_client     = @@character_set_client */;
/*!40101 SET character_set_client = utf8 */;
CREATE TABLE `users` (
  `id` int(11) NOT NULL AUTO_INCREMENT,
  `user_name` varchar(30) NOT NULL DEFAULT '',
  `password` varchar(50) NOT NULL DEFAULT '',
  `email` varchar(255) DEFAULT NULL,
  `phone` varchar(50) DEFAULT NULL,
  `status` int(11) DEFAULT '0',
  `nickname` varchar(255) DEFAULT NULL,
  PRIMARY KEY (`id`)
) ENGINE=InnoDB AUTO_INCREMENT=4 DEFAULT CHARSET=utf8;
/*!40101 SET character_set_client = @saved_cs_client */;

--
-- Dumping data for table `users`
--

LOCK TABLES `users` WRITE;
/*!40000 ALTER TABLE `users` DISABLE KEYS */;
INSERT INTO `users` VALUES (1,'zxy','111111','11114','1111',NULL,NULL),(3,'Claudia','111111','111111','111111',NULL,NULL);
/*!40000 ALTER TABLE `users` ENABLE KEYS */;
UNLOCK TABLES;

--
-- Dumping events for database 'course_system'
--

--
-- Dumping routines for database 'course_system'
--
/*!40103 SET TIME_ZONE=@OLD_TIME_ZONE */;

/*!40101 SET SQL_MODE=@OLD_SQL_MODE */;
/*!40014 SET FOREIGN_KEY_CHECKS=@OLD_FOREIGN_KEY_CHECKS */;
/*!40014 SET UNIQUE_CHECKS=@OLD_UNIQUE_CHECKS */;
/*!40101 SET CHARACTER_SET_CLIENT=@OLD_CHARACTER_SET_CLIENT */;
/*!40101 SET CHARACTER_SET_RESULTS=@OLD_CHARACTER_SET_RESULTS */;
/*!40101 SET COLLATION_CONNECTION=@OLD_COLLATION_CONNECTION */;
/*!40111 SET SQL_NOTES=@OLD_SQL_NOTES */;

-- Dump completed on 2024-03-02  2:09:46
